-- Adminer 5.3.0 PostgreSQL 17.4 dump

DROP FUNCTION IF EXISTS "nodebb_get_sorted_set_members";;
CREATE FUNCTION "nodebb_get_sorted_set_members" () RETURNS _text LANGUAGE sql AS '
    SELECT array_agg(z."value" ORDER BY z."score" ASC)
      FROM "legacy_object_live" o
     INNER JOIN "legacy_zset" z
             ON o."_key" = z."_key"
            AND o."type" = z."type"
          WHERE o."_key" = $1
';

DROP FUNCTION IF EXISTS "nodebb_get_sorted_set_members_withscores";;
CREATE FUNCTION "nodebb_get_sorted_set_members_withscores" () RETURNS json LANGUAGE sql AS '
				SELECT json_agg(json_build_object(''value'', z."value", ''score'', z."score") ORDER BY z."score" ASC) as item
				  FROM "legacy_object_live" o
				 INNER JOIN "legacy_zset" z
						 ON o."_key" = z."_key"
						AND o."type" = z."type"
					  WHERE o."_key" = $1
			';

DROP TABLE IF EXISTS "legacy_hash";
CREATE TABLE "public"."legacy_hash" (
    "_key" text NOT NULL,
    "data" jsonb NOT NULL,
    "type" legacy_object_type DEFAULT hash NOT NULL,
    CONSTRAINT "legacy_hash_pkey" PRIMARY KEY ("_key"),
    CONSTRAINT "legacy_hash_type_check" CHECK (type = 'hash'::legacy_object_type)
)
WITH (oids = false);

INSERT INTO "legacy_hash" ("_key", "data", "type") VALUES
('settings:web-push',	'{"publicKey": "BPgny4ZrEu3w3h5pFdP13J98fc3nr-RWOxHb77gdyyXqDupHMEwKAWe77fDXJE5ZchuDFZ2aj_Li4gZXoerlxSg", "privateKey": "CEWmpwvuQ-8nJgSwvuQXgiKMl23gn2m9ekj2QKYxi5U"}',	'hash'),
('config',	'{"title": "NodeBB", "theme:id": "nodebb-theme-harmony", "hideEmail": 0, "loginDays": 14, "postDelay": 10, "postQueue": 0, "theme:src": "", "digestHour": 17, "systemTags": "", "teaserPost": "last-reply", "theme:type": "local", "defaultLang": "en-GB", "disableChat": 0, "emailPrompt": 1, "hsts-maxage": 31536000, "undoTimeout": 10000, "gdpr_enabled": 1, "hideFullname": 0, "hsts-enabled": 0, "hsts-preload": 0, "loginSeconds": 0, "min:rep:chat": 0, "min:rep:flag": 0, "onlineCutoff": 30, "postsPerPage": 20, "unreadCutoff": 2, "loginAttempts": 5, "postCacheSize": 20971520, "showSiteTitle": 1, "sitemapTopics": 500, "stripEXIFData": 1, "timeagoCutoff": 30, "topicsPerPage": 20, "upvotesPerDay": 20, "autoDetectLang": 1, "bootswatchSkin": "", "maximumInvites": 0, "min:rep:upvote": 0, "necroThreshold": 7, "privateUploads": 0, "topicBacklinks": 1, "topicStaleDays": 60, "topicThumbSize": 512, "useCompression": 0, "autoApproveTime": 0, "dailyDigestFreq": "off", "downvotesPerDay": 10, "hsts-subdomains": 0, "lockoutDuration": 60, "maintenanceMode": 0, "maxPostsPerPage": 20, "maxUserSessions": 10, "maximumFileSize": 2048, "min:rep:aboutme": 0, "min:rep:website": 0, "newbiePostDelay": 120, "recentMaxTopics": 200, "searchDefaultIn": "titlesposts", "sessionDuration": 0, "theme:staticDir": "", "theme:templates": "", "activitypubProbe": 1, "chatEditDuration": 0, "chatMessageDelay": 2000, "feeds:disableRSS": 0, "initialPostDelay": 10, "inviteExpiration": 7, "maxTopicsPerPage": 20, "maximumTagLength": 15, "min:rep:downvote": 0, "minimumTagLength": 3, "orphanExpiryDays": 0, "postEditDuration": 0, "registrationType": "normal", "rejectImageWidth": 5000, "resizeImageWidth": 760, "upvoteVisibility": "all", "activitypubFilter": 0, "allowGuestHandles": 0, "allowUserHomePage": 1, "bookmarkThreshold": 5, "categoriesPerPage": 50, "disableSignatures": 0, "downvote:disabled": 0, "email:disableEdit": 0, "enablePostHistory": 1, "eventLoopInterval": 500, "maximumPostLength": 32767, "min:rep:signature": 0, "minimumPostLength": 8, "reconnectionDelay": 1500, "rejectImageHeight": 5000, "sendEmailToBanned": 0, "submitPluginUsage": 1, "activitypubEnabled": 1, "allowAccountDelete": 1, "allowPrivateGroups": 1, "categoryWatchState": "tracking", "chatDeleteDuration": 0, "downvoteVisibility": "privileged", "emailConfirmExpiry": 24, "maximumTitleLength": 255, "min:rep:post-links": 0, "minimumTitleLength": 3, "passwordExpiryDays": 0, "postDeleteDuration": 0, "resizeImageQuality": 80, "allowMultipleBadges": 1, "maximumTagsPerTopic": 5, "minimumTagsPerTopic": 0, "reputation:disabled": 0, "requireEmailAddress": 0, "searchDefaultSortBy": "relevance", "sendValidationEmail": 1, "adminReloginDuration": 60, "allowTopicsThumbnail": 1, "composer:showHelpTab": 1, "emailConfirmInterval": 10, "feeds:disableSitemap": 0, "flags:actionOnReject": "rescind", "flags:limitPerTarget": 0, "maximumAboutMeLength": 1000, "maximumRelatedTopics": 0, "searchDefaultInQuick": "titles", "upvotesPerUserPerDay": 6, "username:disableEdit": 0, "allowedFileExtensions": "png,jpg,bmp,txt,webp,webm,mp4,gif", "eventLoopCheckEnabled": 1, "eventLoopLagThreshold": 100, "flags:actionOnResolve": "rescind", "flags:postFlagsPerDay": 10, "flags:userFlagsPerDay": 10, "maintenanceModeStatus": 503, "maximumCoverImageSize": 2048, "maximumUsernameLength": 16, "min:rep:cover-picture": 0, "minimumPasswordLength": 6, "minimumUsernameLength": 2, "notificationSendDelay": 60, "profileImageDimension": 200, "disableCustomUserSkins": 0, "downvotesPerUserPerDay": 3, "maximumGroupNameLength": 255, "maximumSignatureLength": 255, "maximumUsersInChatRoom": 0, "newbieChatMessageDelay": 120000, "newbiePostEditDuration": 3600, "updateUrlWithPostIndex": 1, "activitypubProbeTimeout": 2000, "includeUnverifiedEmails": 0, "maxReconnectionAttempts": 5, "maximumGroupTitleLength": 40, "maximumProfileImageSize": 256, "min:rep:profile-picture": 0, "minimumPasswordStrength": 1, "notificationType_follow": "notification", "notificationType_upvote": "notification", "resizeImageKeepOriginal": 1, "showAverageApprovalTime": 1, "showPostPreviewsOnHover": 1, "uploadRateLimitCooldown": 60, "activitypubAllowLoopback": 0, "activitypubUserPruneDays": 7, "allowProfileImageUploads": 1, "composer:allowPluginHelp": 1, "email:smtpTransport:pool": 0, "maximumChatMessageLength": 1000, "notificationType_mention": "notification", "registrationApprovalType": "normal", "uploadRateLimitThreshold": 10, "userSearchResultsPerPage": 50, "disableEmailSubscriptions": 0, "groupsExemptFromPostQueue": "[\"administrators\",\"Global Moderators\"]", "guestsIncrementTopicViews": 1, "maximumChatRoomNameLength": 50, "newbieReputationThreshold": 3, "notificationType_new-chat": "notification", "profile:keepAllUserImages": 0, "resizeImageWidthThreshold": 2000, "showFullnameAsDisplayName": 0, "signatures:hideDuplicates": 0, "cross-origin-opener-policy": "same-origin", "notificationType_new-reply": "notification", "notificationType_new-topic": "notification", "notificationType_post-edit": "notification", "activitypubContentPruneDays": 30, "disableRecentCategoryFilter": 0, "incrementTopicViewsInterval": 60, "notificationType_post-queue": "notification", "allowGuestReplyNotifications": 1, "cross-origin-embedder-policy": 0, "cross-origin-resource-policy": "same-origin", "notificationType_group-leave": "notification", "postQueueReputationThreshold": 0, "notificationType_group-invite": "notification", "notificationType_new-register": "notification", "removeEmailNotificationImages": 0, "maximumRemoteChatMessageLength": 5000, "notificationType_new-post-flag": "notification", "notificationType_new-user-flag": "notification", "preventTopicDeleteAfterReplies": 0, "groupsExemptFromMaintenanceMode": "[\"administrators\",\"Global Moderators\"]", "notificationType_new-group-chat": "notification", "notificationType_new-public-chat": "none", "profile:convertProfileImageToPNG": 0, "flags:autoFlagOnDownvoteThreshold": 0, "groupsExemptFromNewUserRestrictions": "[\"administrators\",\"Global Moderators\"]", "notificationType_new-topic-with-tag": "notification", "email:smtpTransport:allow-self-signed": 0, "notificationType_new-topic-in-category": "notification", "notificationType_group-request-membership": "notification"}',	'hash'),
('event:1',	'{"ip": "127.0.0.1", "eid": 1, "uid": 0, "text": "nodebb-theme-harmony", "type": "theme-set", "timestamp": 1756739471823}',	'hash'),
('global',	'{"nextCid": 4, "nextEid": 1, "nextPid": 1, "nextTid": 1, "nextUid": 1, "postCount": 1, "userCount": 1, "loginCount": 1, "topicCount": 1}',	'hash'),
('category:1',	'{"cid": 1, "icon": "fa-bullhorn", "link": "", "name": "Announcements", "slug": "1/announcements", "class": "col-md-3 col-6", "color": "#ffffff", "order": 1, "handle": "announcements", "bgColor": "#fda34b", "disabled": 0, "isSection": 0, "parentCid": 0, "imageClass": "cover", "post_count": 0, "description": "Announcements regarding our community", "topic_count": 0, "numRecentReplies": 1, "descriptionParsed": "<p>Announcements regarding our community</p>\n", "subCategoriesPerPage": 10}',	'hash'),
('group:cid:1:privileges:groups:posts:upvote',	'{"name": "cid:1:privileges:groups:posts:upvote", "slug": "cid-1-privileges-groups-posts-upvote", "hidden": 1, "system": 1, "private": 1, "userTitle": "cid:1:privileges:groups:posts:upvote", "createtime": 1756739473146, "description": "", "memberCount": 4, "disableLeave": 0, "userTitleEnabled": 0, "disableJoinRequests": 0}',	'hash'),
('group:cid:1:privileges:groups:find',	'{"name": "cid:1:privileges:groups:find", "slug": "cid-1-privileges-groups-find", "hidden": 1, "system": 1, "private": 1, "userTitle": "cid:1:privileges:groups:find", "createtime": 1756739472164, "description": "", "memberCount": 6, "disableLeave": 0, "userTitleEnabled": 0, "disableJoinRequests": 0}',	'hash'),
('group:cid:1:privileges:groups:read',	'{"name": "cid:1:privileges:groups:read", "slug": "cid-1-privileges-groups-read", "hidden": 1, "system": 1, "private": 1, "userTitle": "cid:1:privileges:groups:read", "createtime": 1756739472315, "description": "", "memberCount": 6, "disableLeave": 0, "userTitleEnabled": 0, "disableJoinRequests": 0}',	'hash'),
('group:cid:1:privileges:groups:posts:downvote',	'{"name": "cid:1:privileges:groups:posts:downvote", "slug": "cid-1-privileges-groups-posts-downvote", "hidden": 1, "system": 1, "private": 1, "userTitle": "cid:1:privileges:groups:posts:downvote", "createtime": 1756739473289, "description": "", "memberCount": 4, "disableLeave": 0, "userTitleEnabled": 0, "disableJoinRequests": 0}',	'hash'),
('group:cid:1:privileges:groups:topics:delete',	'{"name": "cid:1:privileges:groups:topics:delete", "slug": "cid-1-privileges-groups-topics-delete", "hidden": 1, "system": 1, "private": 1, "userTitle": "cid:1:privileges:groups:topics:delete", "createtime": 1756739473426, "description": "", "memberCount": 4, "disableLeave": 0, "userTitleEnabled": 0, "disableJoinRequests": 0}',	'hash'),
('group:cid:1:privileges:groups:topics:schedule',	'{"name": "cid:1:privileges:groups:topics:schedule", "slug": "cid-1-privileges-groups-topics-schedule", "hidden": 1, "system": 1, "private": 1, "userTitle": "cid:1:privileges:groups:topics:schedule", "createtime": 1756739473698, "description": "", "memberCount": 2, "disableLeave": 0, "userTitleEnabled": 0, "disableJoinRequests": 0}',	'hash'),
('group:cid:1:privileges:groups:purge',	'{"name": "cid:1:privileges:groups:purge", "slug": "cid-1-privileges-groups-purge", "hidden": 1, "system": 1, "private": 1, "userTitle": "cid:1:privileges:groups:purge", "createtime": 1756739474016, "description": "", "memberCount": 2, "disableLeave": 0, "userTitleEnabled": 0, "disableJoinRequests": 0}',	'hash'),
('group:cid:2:privileges:groups:posts:view_deleted',	'{"name": "cid:2:privileges:groups:posts:view_deleted", "slug": "cid-2-privileges-groups-posts-view_deleted", "hidden": 1, "system": 1, "private": 1, "userTitle": "cid:2:privileges:groups:posts:view_deleted", "createtime": 1756739476097, "description": "", "memberCount": 2, "disableLeave": 0, "userTitleEnabled": 0, "disableJoinRequests": 0}',	'hash'),
('group:cid:2:privileges:groups:purge',	'{"name": "cid:2:privileges:groups:purge", "slug": "cid-2-privileges-groups-purge", "hidden": 1, "system": 1, "private": 1, "userTitle": "cid:2:privileges:groups:purge", "createtime": 1756739476234, "description": "", "memberCount": 2, "disableLeave": 0, "userTitleEnabled": 0, "disableJoinRequests": 0}',	'hash'),
('group:cid:3:privileges:groups:topics:tag',	'{"name": "cid:3:privileges:groups:topics:tag", "slug": "cid-3-privileges-groups-topics-tag", "hidden": 1, "system": 1, "private": 1, "userTitle": "cid:3:privileges:groups:topics:tag", "createtime": 1756739477050, "description": "", "memberCount": 4, "disableLeave": 0, "userTitleEnabled": 0, "disableJoinRequests": 0}',	'hash'),
('category:2',	'{"cid": 2, "icon": "fa-comments-o", "link": "", "name": "General Discussion", "slug": "2/general-discussion", "class": "col-md-3 col-6", "color": "#ffffff", "order": 2, "handle": "general-discussion", "bgColor": "#59b3d0", "disabled": 0, "isSection": 0, "parentCid": 0, "imageClass": "cover", "post_count": 1, "description": "A place to talk about whatever you want", "topic_count": 1, "numRecentReplies": 1, "descriptionParsed": "<p>A place to talk about whatever you want</p>\n", "subCategoriesPerPage": 10}',	'hash'),
('group:cid:1:privileges:groups:topics:create',	'{"name": "cid:1:privileges:groups:topics:create", "slug": "cid-1-privileges-groups-topics-create", "hidden": 1, "system": 1, "private": 1, "userTitle": "cid:1:privileges:groups:topics:create", "createtime": 1756739472593, "description": "", "memberCount": 4, "disableLeave": 0, "userTitleEnabled": 0, "disableJoinRequests": 0}',	'hash'),
('group:cid:1:privileges:groups:topics:reply',	'{"name": "cid:1:privileges:groups:topics:reply", "slug": "cid-1-privileges-groups-topics-reply", "hidden": 1, "system": 1, "private": 1, "userTitle": "cid:1:privileges:groups:topics:reply", "createtime": 1756739472684, "description": "", "memberCount": 4, "disableLeave": 0, "userTitleEnabled": 0, "disableJoinRequests": 0}',	'hash'),
('group:cid:1:privileges:groups:topics:tag',	'{"name": "cid:1:privileges:groups:topics:tag", "slug": "cid-1-privileges-groups-topics-tag", "hidden": 1, "system": 1, "private": 1, "userTitle": "cid:1:privileges:groups:topics:tag", "createtime": 1756739472844, "description": "", "memberCount": 4, "disableLeave": 0, "userTitleEnabled": 0, "disableJoinRequests": 0}',	'hash'),
('group:cid:1:privileges:groups:posts:edit',	'{"name": "cid:1:privileges:groups:posts:edit", "slug": "cid-1-privileges-groups-posts-edit", "hidden": 1, "system": 1, "private": 1, "userTitle": "cid:1:privileges:groups:posts:edit", "createtime": 1756739472895, "description": "", "memberCount": 4, "disableLeave": 0, "userTitleEnabled": 0, "disableJoinRequests": 0}',	'hash'),
('group:cid:1:privileges:groups:posts:history',	'{"name": "cid:1:privileges:groups:posts:history", "slug": "cid-1-privileges-groups-posts-history", "hidden": 1, "system": 1, "private": 1, "userTitle": "cid:1:privileges:groups:posts:history", "createtime": 1756739472975, "description": "", "memberCount": 4, "disableLeave": 0, "userTitleEnabled": 0, "disableJoinRequests": 0}',	'hash'),
('group:cid:1:privileges:groups:posts:delete',	'{"name": "cid:1:privileges:groups:posts:delete", "slug": "cid-1-privileges-groups-posts-delete", "hidden": 1, "system": 1, "private": 1, "userTitle": "cid:1:privileges:groups:posts:delete", "createtime": 1756739473059, "description": "", "memberCount": 4, "disableLeave": 0, "userTitleEnabled": 0, "disableJoinRequests": 0}',	'hash'),
('group:cid:1:privileges:groups:topics:read',	'{"name": "cid:1:privileges:groups:topics:read", "slug": "cid-1-privileges-groups-topics-read", "hidden": 1, "system": 1, "private": 1, "userTitle": "cid:1:privileges:groups:topics:read", "createtime": 1756739472449, "description": "", "memberCount": 6, "disableLeave": 0, "userTitleEnabled": 0, "disableJoinRequests": 0}',	'hash'),
('group:cid:1:privileges:groups:posts:view_deleted',	'{"name": "cid:1:privileges:groups:posts:view_deleted", "slug": "cid-1-privileges-groups-posts-view_deleted", "hidden": 1, "system": 1, "private": 1, "userTitle": "cid:1:privileges:groups:posts:view_deleted", "createtime": 1756739473819, "description": "", "memberCount": 2, "disableLeave": 0, "userTitleEnabled": 0, "disableJoinRequests": 0}',	'hash'),
('group:cid:2:privileges:groups:find',	'{"name": "cid:2:privileges:groups:find", "slug": "cid-2-privileges-groups-find", "hidden": 1, "system": 1, "private": 1, "userTitle": "cid:2:privileges:groups:find", "createtime": 1756739474665, "description": "", "memberCount": 6, "disableLeave": 0, "userTitleEnabled": 0, "disableJoinRequests": 0}',	'hash'),
('group:cid:2:privileges:groups:topics:reply',	'{"name": "cid:2:privileges:groups:topics:reply", "slug": "cid-2-privileges-groups-topics-reply", "hidden": 1, "system": 1, "private": 1, "userTitle": "cid:2:privileges:groups:topics:reply", "createtime": 1756739474877, "description": "", "memberCount": 4, "disableLeave": 0, "userTitleEnabled": 0, "disableJoinRequests": 0}',	'hash'),
('group:cid:2:privileges:groups:topics:read',	'{"name": "cid:2:privileges:groups:topics:read", "slug": "cid-2-privileges-groups-topics-read", "hidden": 1, "system": 1, "private": 1, "userTitle": "cid:2:privileges:groups:topics:read", "createtime": 1756739474772, "description": "", "memberCount": 6, "disableLeave": 0, "userTitleEnabled": 0, "disableJoinRequests": 0}',	'hash'),
('group:cid:2:privileges:groups:topics:schedule',	'{"name": "cid:2:privileges:groups:topics:schedule", "slug": "cid-2-privileges-groups-topics-schedule", "hidden": 1, "system": 1, "private": 1, "userTitle": "cid:2:privileges:groups:topics:schedule", "createtime": 1756739476019, "description": "", "memberCount": 2, "disableLeave": 0, "userTitleEnabled": 0, "disableJoinRequests": 0}',	'hash'),
('group:cid:3:privileges:groups:read',	'{"name": "cid:3:privileges:groups:read", "slug": "cid-3-privileges-groups-read", "hidden": 1, "system": 1, "private": 1, "userTitle": "cid:3:privileges:groups:read", "createtime": 1756739476847, "description": "", "memberCount": 6, "disableLeave": 0, "userTitleEnabled": 0, "disableJoinRequests": 0}',	'hash'),
('navigation:enabled:7',	'{"text": "[[global:header.groups]]", "order": "7", "route": "/groups", "title": "[[global:header.groups]]", "enabled": true, "iconClass": "fa-group", "textClass": "d-lg-none"}',	'hash'),
('navigation:enabled:8',	'{"text": "[[global:header.admin]]", "order": "8", "route": "/admin", "title": "[[global:header.admin]]", "groups": "[\"administrators\"]", "enabled": true, "iconClass": "fa-cogs", "textClass": "d-lg-none"}',	'hash'),
('group:cid:2:privileges:groups:topics:create',	'{"name": "cid:2:privileges:groups:topics:create", "slug": "cid-2-privileges-groups-topics-create", "hidden": 1, "system": 1, "private": 1, "userTitle": "cid:2:privileges:groups:topics:create", "createtime": 1756739474823, "description": "", "memberCount": 4, "disableLeave": 0, "userTitleEnabled": 0, "disableJoinRequests": 0}',	'hash'),
('group:cid:2:privileges:groups:topics:tag',	'{"name": "cid:2:privileges:groups:topics:tag", "slug": "cid-2-privileges-groups-topics-tag", "hidden": 1, "system": 1, "private": 1, "userTitle": "cid:2:privileges:groups:topics:tag", "createtime": 1756739474938, "description": "", "memberCount": 4, "disableLeave": 0, "userTitleEnabled": 0, "disableJoinRequests": 0}',	'hash'),
('group:cid:2:privileges:groups:posts:edit',	'{"name": "cid:2:privileges:groups:posts:edit", "slug": "cid-2-privileges-groups-posts-edit", "hidden": 1, "system": 1, "private": 1, "userTitle": "cid:2:privileges:groups:posts:edit", "createtime": 1756739475009, "description": "", "memberCount": 4, "disableLeave": 0, "userTitleEnabled": 0, "disableJoinRequests": 0}',	'hash'),
('group:cid:2:privileges:groups:posts:history',	'{"name": "cid:2:privileges:groups:posts:history", "slug": "cid-2-privileges-groups-posts-history", "hidden": 1, "system": 1, "private": 1, "userTitle": "cid:2:privileges:groups:posts:history", "createtime": 1756739475086, "description": "", "memberCount": 4, "disableLeave": 0, "userTitleEnabled": 0, "disableJoinRequests": 0}',	'hash'),
('group:cid:2:privileges:groups:posts:delete',	'{"name": "cid:2:privileges:groups:posts:delete", "slug": "cid-2-privileges-groups-posts-delete", "hidden": 1, "system": 1, "private": 1, "userTitle": "cid:2:privileges:groups:posts:delete", "createtime": 1756739475218, "description": "", "memberCount": 4, "disableLeave": 0, "userTitleEnabled": 0, "disableJoinRequests": 0}',	'hash'),
('group:cid:2:privileges:groups:posts:upvote',	'{"name": "cid:2:privileges:groups:posts:upvote", "slug": "cid-2-privileges-groups-posts-upvote", "hidden": 1, "system": 1, "private": 1, "userTitle": "cid:2:privileges:groups:posts:upvote", "createtime": 1756739475285, "description": "", "memberCount": 4, "disableLeave": 0, "userTitleEnabled": 0, "disableJoinRequests": 0}',	'hash'),
('group:cid:2:privileges:groups:posts:downvote',	'{"name": "cid:2:privileges:groups:posts:downvote", "slug": "cid-2-privileges-groups-posts-downvote", "hidden": 1, "system": 1, "private": 1, "userTitle": "cid:2:privileges:groups:posts:downvote", "createtime": 1756739475351, "description": "", "memberCount": 4, "disableLeave": 0, "userTitleEnabled": 0, "disableJoinRequests": 0}',	'hash'),
('group:cid:2:privileges:groups:read',	'{"name": "cid:2:privileges:groups:read", "slug": "cid-2-privileges-groups-read", "hidden": 1, "system": 1, "private": 1, "userTitle": "cid:2:privileges:groups:read", "createtime": 1756739474720, "description": "", "memberCount": 6, "disableLeave": 0, "userTitleEnabled": 0, "disableJoinRequests": 0}',	'hash'),
('group:cid:2:privileges:groups:topics:delete',	'{"name": "cid:2:privileges:groups:topics:delete", "slug": "cid-2-privileges-groups-topics-delete", "hidden": 1, "system": 1, "private": 1, "userTitle": "cid:2:privileges:groups:topics:delete", "createtime": 1756739475507, "description": "", "memberCount": 4, "disableLeave": 0, "userTitleEnabled": 0, "disableJoinRequests": 0}',	'hash'),
('category:3',	'{"cid": 3, "icon": "fa-newspaper-o", "link": "", "name": "Blogs", "slug": "3/blogs", "class": "col-md-3 col-6", "color": "#ffffff", "order": 4, "handle": "blogs", "bgColor": "#86ba4b", "disabled": 0, "isSection": 0, "parentCid": 0, "imageClass": "cover", "post_count": 0, "description": "Blog posts from individual members", "topic_count": 0, "numRecentReplies": 1, "descriptionParsed": "<p>Blog posts from individual members</p>\n", "subCategoriesPerPage": 10}',	'hash'),
('group:cid:3:privileges:groups:find',	'{"name": "cid:3:privileges:groups:find", "slug": "cid-3-privileges-groups-find", "hidden": 1, "system": 1, "private": 1, "userTitle": "cid:3:privileges:groups:find", "createtime": 1756739476802, "description": "", "memberCount": 6, "disableLeave": 0, "userTitleEnabled": 0, "disableJoinRequests": 0}',	'hash'),
('group:cid:3:privileges:groups:topics:read',	'{"name": "cid:3:privileges:groups:topics:read", "slug": "cid-3-privileges-groups-topics-read", "hidden": 1, "system": 1, "private": 1, "userTitle": "cid:3:privileges:groups:topics:read", "createtime": 1756739476894, "description": "", "memberCount": 6, "disableLeave": 0, "userTitleEnabled": 0, "disableJoinRequests": 0}',	'hash'),
('group:cid:3:privileges:groups:topics:create',	'{"name": "cid:3:privileges:groups:topics:create", "slug": "cid-3-privileges-groups-topics-create", "hidden": 1, "system": 1, "private": 1, "userTitle": "cid:3:privileges:groups:topics:create", "createtime": 1756739476946, "description": "", "memberCount": 4, "disableLeave": 0, "userTitleEnabled": 0, "disableJoinRequests": 0}',	'hash'),
('group:cid:3:privileges:groups:topics:reply',	'{"name": "cid:3:privileges:groups:topics:reply", "slug": "cid-3-privileges-groups-topics-reply", "hidden": 1, "system": 1, "private": 1, "userTitle": "cid:3:privileges:groups:topics:reply", "createtime": 1756739476998, "description": "", "memberCount": 4, "disableLeave": 0, "userTitleEnabled": 0, "disableJoinRequests": 0}',	'hash'),
('group:cid:3:privileges:groups:posts:delete',	'{"name": "cid:3:privileges:groups:posts:delete", "slug": "cid-3-privileges-groups-posts-delete", "hidden": 1, "system": 1, "private": 1, "userTitle": "cid:3:privileges:groups:posts:delete", "createtime": 1756739477318, "description": "", "memberCount": 4, "disableLeave": 0, "userTitleEnabled": 0, "disableJoinRequests": 0}',	'hash'),
('group:cid:3:privileges:groups:posts:downvote',	'{"name": "cid:3:privileges:groups:posts:downvote", "slug": "cid-3-privileges-groups-posts-downvote", "hidden": 1, "system": 1, "private": 1, "userTitle": "cid:3:privileges:groups:posts:downvote", "createtime": 1756739477522, "description": "", "memberCount": 4, "disableLeave": 0, "userTitleEnabled": 0, "disableJoinRequests": 0}',	'hash'),
('group:cid:3:privileges:groups:topics:schedule',	'{"name": "cid:3:privileges:groups:topics:schedule", "slug": "cid-3-privileges-groups-topics-schedule", "hidden": 1, "system": 1, "private": 1, "userTitle": "cid:3:privileges:groups:topics:schedule", "createtime": 1756739478059, "description": "", "memberCount": 2, "disableLeave": 0, "userTitleEnabled": 0, "disableJoinRequests": 0}',	'hash'),
('group:cid:3:privileges:groups:purge',	'{"name": "cid:3:privileges:groups:purge", "slug": "cid-3-privileges-groups-purge", "hidden": 1, "system": 1, "private": 1, "userTitle": "cid:3:privileges:groups:purge", "createtime": 1756739478169, "description": "", "memberCount": 2, "disableLeave": 0, "userTitleEnabled": 0, "disableJoinRequests": 0}',	'hash'),
('group:cid:4:privileges:groups:read',	'{"name": "cid:4:privileges:groups:read", "slug": "cid-4-privileges-groups-read", "hidden": 1, "system": 1, "private": 1, "userTitle": "cid:4:privileges:groups:read", "createtime": 1756739478620, "description": "", "memberCount": 6, "disableLeave": 0, "userTitleEnabled": 0, "disableJoinRequests": 0}',	'hash'),
('group:Global Moderators',	'{"name": "Global Moderators", "slug": "global-moderators", "hidden": 0, "system": 1, "private": 1, "userTitle": "Global Moderator", "createtime": 1756739482198, "description": "Forum wide moderators", "memberCount": 0, "disableLeave": 0, "userTitleEnabled": 0, "disableJoinRequests": 1}',	'hash'),
('group:cid:4:privileges:groups:topics:create',	'{"name": "cid:4:privileges:groups:topics:create", "slug": "cid-4-privileges-groups-topics-create", "hidden": 1, "system": 1, "private": 1, "userTitle": "cid:4:privileges:groups:topics:create", "createtime": 1756739478884, "description": "", "memberCount": 4, "disableLeave": 0, "userTitleEnabled": 0, "disableJoinRequests": 0}',	'hash'),
('group:cid:4:privileges:groups:topics:tag',	'{"name": "cid:4:privileges:groups:topics:tag", "slug": "cid-4-privileges-groups-topics-tag", "hidden": 1, "system": 1, "private": 1, "userTitle": "cid:4:privileges:groups:topics:tag", "createtime": 1756739479069, "description": "", "memberCount": 4, "disableLeave": 0, "userTitleEnabled": 0, "disableJoinRequests": 0}',	'hash'),
('group:cid:4:privileges:groups:posts:history',	'{"name": "cid:4:privileges:groups:posts:history", "slug": "cid-4-privileges-groups-posts-history", "hidden": 1, "system": 1, "private": 1, "userTitle": "cid:4:privileges:groups:posts:history", "createtime": 1756739479347, "description": "", "memberCount": 4, "disableLeave": 0, "userTitleEnabled": 0, "disableJoinRequests": 0}',	'hash'),
('group:cid:4:privileges:groups:posts:upvote',	'{"name": "cid:4:privileges:groups:posts:upvote", "slug": "cid-4-privileges-groups-posts-upvote", "hidden": 1, "system": 1, "private": 1, "userTitle": "cid:4:privileges:groups:posts:upvote", "createtime": 1756739479510, "description": "", "memberCount": 4, "disableLeave": 0, "userTitleEnabled": 0, "disableJoinRequests": 0}',	'hash'),
('group:cid:4:privileges:groups:topics:delete',	'{"name": "cid:4:privileges:groups:topics:delete", "slug": "cid-4-privileges-groups-topics-delete", "hidden": 1, "system": 1, "private": 1, "userTitle": "cid:4:privileges:groups:topics:delete", "createtime": 1756739479648, "description": "", "memberCount": 4, "disableLeave": 0, "userTitleEnabled": 0, "disableJoinRequests": 0}',	'hash'),
('group:cid:0:privileges:groups:upload:post:image',	'{"name": "cid:0:privileges:groups:upload:post:image", "slug": "cid-0-privileges-groups-upload-post-image", "hidden": 1, "system": 1, "private": 1, "userTitle": "cid:0:privileges:groups:upload:post:image", "createtime": 1756739482479, "description": "", "memberCount": 2, "disableLeave": 0, "userTitleEnabled": 0, "disableJoinRequests": 0}',	'hash'),
('group:cid:0:privileges:groups:upload:post:file',	'{"name": "cid:0:privileges:groups:upload:post:file", "slug": "cid-0-privileges-groups-upload-post-file", "hidden": 1, "system": 1, "private": 1, "userTitle": "cid:0:privileges:groups:upload:post:file", "createtime": 1756739483634, "description": "", "memberCount": 1, "disableLeave": 0, "userTitleEnabled": 0, "disableJoinRequests": 0}',	'hash'),
('group:cid:4:privileges:groups:find',	'{"name": "cid:4:privileges:groups:find", "slug": "cid-4-privileges-groups-find", "hidden": 1, "system": 1, "private": 1, "userTitle": "cid:4:privileges:groups:find", "createtime": 1756739478525, "description": "", "memberCount": 6, "disableLeave": 0, "userTitleEnabled": 0, "disableJoinRequests": 0}',	'hash'),
('group:cid:4:privileges:groups:topics:read',	'{"name": "cid:4:privileges:groups:topics:read", "slug": "cid-4-privileges-groups-topics-read", "hidden": 1, "system": 1, "private": 1, "userTitle": "cid:4:privileges:groups:topics:read", "createtime": 1756739478695, "description": "", "memberCount": 6, "disableLeave": 0, "userTitleEnabled": 0, "disableJoinRequests": 0}',	'hash'),
('group:cid:3:privileges:groups:posts:upvote',	'{"name": "cid:3:privileges:groups:posts:upvote", "slug": "cid-3-privileges-groups-posts-upvote", "hidden": 1, "system": 1, "private": 1, "userTitle": "cid:3:privileges:groups:posts:upvote", "createtime": 1756739477389, "description": "", "memberCount": 4, "disableLeave": 0, "userTitleEnabled": 0, "disableJoinRequests": 0}',	'hash'),
('group:cid:3:privileges:groups:topics:delete',	'{"name": "cid:3:privileges:groups:topics:delete", "slug": "cid-3-privileges-groups-topics-delete", "hidden": 1, "system": 1, "private": 1, "userTitle": "cid:3:privileges:groups:topics:delete", "createtime": 1756739477706, "description": "", "memberCount": 4, "disableLeave": 0, "userTitleEnabled": 0, "disableJoinRequests": 0}',	'hash'),
('group:cid:3:privileges:groups:posts:view_deleted',	'{"name": "cid:3:privileges:groups:posts:view_deleted", "slug": "cid-3-privileges-groups-posts-view_deleted", "hidden": 1, "system": 1, "private": 1, "userTitle": "cid:3:privileges:groups:posts:view_deleted", "createtime": 1756739478114, "description": "", "memberCount": 2, "disableLeave": 0, "userTitleEnabled": 0, "disableJoinRequests": 0}',	'hash'),
('group:cid:4:privileges:groups:topics:reply',	'{"name": "cid:4:privileges:groups:topics:reply", "slug": "cid-4-privileges-groups-topics-reply", "hidden": 1, "system": 1, "private": 1, "userTitle": "cid:4:privileges:groups:topics:reply", "createtime": 1756739478995, "description": "", "memberCount": 4, "disableLeave": 0, "userTitleEnabled": 0, "disableJoinRequests": 0}',	'hash'),
('group:cid:4:privileges:groups:posts:edit',	'{"name": "cid:4:privileges:groups:posts:edit", "slug": "cid-4-privileges-groups-posts-edit", "hidden": 1, "system": 1, "private": 1, "userTitle": "cid:4:privileges:groups:posts:edit", "createtime": 1756739479227, "description": "", "memberCount": 4, "disableLeave": 0, "userTitleEnabled": 0, "disableJoinRequests": 0}',	'hash'),
('group:cid:4:privileges:groups:posts:delete',	'{"name": "cid:4:privileges:groups:posts:delete", "slug": "cid-4-privileges-groups-posts-delete", "hidden": 1, "system": 1, "private": 1, "userTitle": "cid:4:privileges:groups:posts:delete", "createtime": 1756739479445, "description": "", "memberCount": 4, "disableLeave": 0, "userTitleEnabled": 0, "disableJoinRequests": 0}',	'hash'),
('group:cid:4:privileges:groups:posts:downvote',	'{"name": "cid:4:privileges:groups:posts:downvote", "slug": "cid-4-privileges-groups-posts-downvote", "hidden": 1, "system": 1, "private": 1, "userTitle": "cid:4:privileges:groups:posts:downvote", "createtime": 1756739479596, "description": "", "memberCount": 4, "disableLeave": 0, "userTitleEnabled": 0, "disableJoinRequests": 0}',	'hash'),
('group:cid:0:privileges:groups:chat',	'{"name": "cid:0:privileges:groups:chat", "slug": "cid-0-privileges-groups-chat", "hidden": 1, "system": 1, "private": 1, "userTitle": "cid:0:privileges:groups:chat", "createtime": 1756739482404, "description": "", "memberCount": 2, "disableLeave": 0, "userTitleEnabled": 0, "disableJoinRequests": 0}',	'hash'),
('group:cid:0:privileges:groups:signature',	'{"name": "cid:0:privileges:groups:signature", "slug": "cid-0-privileges-groups-signature", "hidden": 1, "system": 1, "private": 1, "userTitle": "cid:0:privileges:groups:signature", "createtime": 1756739482551, "description": "", "memberCount": 2, "disableLeave": 0, "userTitleEnabled": 0, "disableJoinRequests": 0}',	'hash'),
('group:cid:0:privileges:groups:search:users',	'{"name": "cid:0:privileges:groups:search:users", "slug": "cid-0-privileges-groups-search-users", "hidden": 1, "system": 1, "private": 1, "userTitle": "cid:0:privileges:groups:search:users", "createtime": 1756739482743, "description": "", "memberCount": 2, "disableLeave": 0, "userTitleEnabled": 0, "disableJoinRequests": 0}',	'hash'),
('group:cid:3:privileges:groups:posts:edit',	'{"name": "cid:3:privileges:groups:posts:edit", "slug": "cid-3-privileges-groups-posts-edit", "hidden": 1, "system": 1, "private": 1, "userTitle": "cid:3:privileges:groups:posts:edit", "createtime": 1756739477104, "description": "", "memberCount": 4, "disableLeave": 0, "userTitleEnabled": 0, "disableJoinRequests": 0}',	'hash'),
('group:cid:3:privileges:groups:posts:history',	'{"name": "cid:3:privileges:groups:posts:history", "slug": "cid-3-privileges-groups-posts-history", "hidden": 1, "system": 1, "private": 1, "userTitle": "cid:3:privileges:groups:posts:history", "createtime": 1756739477169, "description": "", "memberCount": 4, "disableLeave": 0, "userTitleEnabled": 0, "disableJoinRequests": 0}',	'hash'),
('category:4',	'{"cid": 4, "icon": "fa-question", "link": "", "name": "Comments & Feedback", "slug": "4/comments-feedback", "class": "col-md-3 col-6", "color": "#ffffff", "order": 3, "handle": "comments-feedback", "bgColor": "#e95c5a", "disabled": 0, "isSection": 0, "parentCid": 0, "imageClass": "cover", "post_count": 0, "description": "Got a question? Ask away!", "topic_count": 0, "numRecentReplies": 1, "descriptionParsed": "<p>Got a question? Ask away!</p>\n", "subCategoriesPerPage": 10}',	'hash'),
('group:banned-users',	'{"name": "banned-users", "slug": "banned-users", "hidden": 1, "system": 1, "private": 1, "userTitle": "banned-users", "createtime": 1756739480585, "description": "", "memberCount": 0, "disableLeave": 1, "userTitleEnabled": 0, "disableJoinRequests": 1}',	'hash'),
('group:verified-users',	'{"name": "verified-users", "slug": "verified-users", "hidden": 1, "system": 1, "private": 1, "userTitle": "verified-users", "createtime": 1756739480298, "description": "", "memberCount": 1, "disableLeave": 1, "userTitleEnabled": 0, "disableJoinRequests": 1}',	'hash'),
('groupslug:groupname',	'{"banned-users": "banned-users", "administrators": "administrators", "verified-users": "verified-users", "registered-users": "registered-users", "unverified-users": "unverified-users", "global-moderators": "Global Moderators"}',	'hash'),
('group:cid:4:privileges:groups:topics:schedule',	'{"name": "cid:4:privileges:groups:topics:schedule", "slug": "cid-4-privileges-groups-topics-schedule", "hidden": 1, "system": 1, "private": 1, "userTitle": "cid:4:privileges:groups:topics:schedule", "createtime": 1756739479866, "description": "", "memberCount": 2, "disableLeave": 0, "userTitleEnabled": 0, "disableJoinRequests": 0}',	'hash'),
('group:cid:4:privileges:groups:posts:view_deleted',	'{"name": "cid:4:privileges:groups:posts:view_deleted", "slug": "cid-4-privileges-groups-posts-view_deleted", "hidden": 1, "system": 1, "private": 1, "userTitle": "cid:4:privileges:groups:posts:view_deleted", "createtime": 1756739479940, "description": "", "memberCount": 2, "disableLeave": 0, "userTitleEnabled": 0, "disableJoinRequests": 0}',	'hash'),
('group:cid:4:privileges:groups:purge',	'{"name": "cid:4:privileges:groups:purge", "slug": "cid-4-privileges-groups-purge", "hidden": 1, "system": 1, "private": 1, "userTitle": "cid:4:privileges:groups:purge", "createtime": 1756739480041, "description": "", "memberCount": 2, "disableLeave": 0, "userTitleEnabled": 0, "disableJoinRequests": 0}',	'hash'),
('group:registered-users',	'{"name": "registered-users", "slug": "registered-users", "hidden": 1, "system": 1, "private": 1, "userTitle": "registered-users", "createtime": 1756739480902, "description": "", "memberCount": 1, "disableLeave": 0, "userTitleEnabled": 0, "disableJoinRequests": 0}',	'hash'),
('group:cid:0:privileges:groups:search:content',	'{"name": "cid:0:privileges:groups:search:content", "slug": "cid-0-privileges-groups-search-content", "hidden": 1, "system": 1, "private": 1, "userTitle": "cid:0:privileges:groups:search:content", "createtime": 1756739482684, "description": "", "memberCount": 2, "disableLeave": 0, "userTitleEnabled": 0, "disableJoinRequests": 0}',	'hash'),
('group:cid:0:privileges:groups:search:tags',	'{"name": "cid:0:privileges:groups:search:tags", "slug": "cid-0-privileges-groups-search-tags", "hidden": 1, "system": 1, "private": 1, "userTitle": "cid:0:privileges:groups:search:tags", "createtime": 1756739482795, "description": "", "memberCount": 2, "disableLeave": 0, "userTitleEnabled": 0, "disableJoinRequests": 0}',	'hash'),
('group:cid:0:privileges:groups:ban',	'{"name": "cid:0:privileges:groups:ban", "slug": "cid-0-privileges-groups-ban", "hidden": 1, "system": 1, "private": 1, "userTitle": "cid:0:privileges:groups:ban", "createtime": 1756739483442, "description": "", "memberCount": 1, "disableLeave": 0, "userTitleEnabled": 0, "disableJoinRequests": 0}',	'hash'),
('group:cid:0:privileges:groups:view:users:info',	'{"name": "cid:0:privileges:groups:view:users:info", "slug": "cid-0-privileges-groups-view-users-info", "hidden": 1, "system": 1, "private": 1, "userTitle": "cid:0:privileges:groups:view:users:info", "createtime": 1756739483697, "description": "", "memberCount": 1, "disableLeave": 0, "userTitleEnabled": 0, "disableJoinRequests": 0}',	'hash'),
('group:unverified-users',	'{"name": "unverified-users", "slug": "unverified-users", "hidden": 1, "system": 1, "private": 1, "userTitle": "unverified-users", "createtime": 1756739480430, "description": "", "memberCount": 0, "disableLeave": 1, "userTitleEnabled": 0, "disableJoinRequests": 1}',	'hash'),
('user:1',	'{"uid": 1, "email": "admin@local.co", "status": "online", "joindate": 1756739480756, "password": "$2b$12$zQrgcwPYTuslOT6yNraqN.PwYQo4CjwBIUWB3.WlbZh1VLEbXrbte", "username": "admin", "userslug": "admin", "postcount": 1, "groupTitle": "[\"administrators\"]", "lastonline": 1756739480756, "topiccount": 1, "lastposttime": 1756739486842, "email:confirmed": 1, "password:shaWrapped": 1}',	'hash'),
('group:administrators',	'{"name": "administrators", "slug": "administrators", "hidden": 0, "system": 1, "private": 1, "userTitle": "administrators", "createtime": 1756739481713, "description": "", "memberCount": 1, "disableLeave": 0, "userTitleEnabled": 0, "disableJoinRequests": 1}',	'hash'),
('group:cid:-1:privileges:groups:find',	'{"name": "cid:-1:privileges:groups:find", "slug": "cid-1-privileges-groups-find", "hidden": 1, "system": 1, "private": 1, "userTitle": "cid:-1:privileges:groups:find", "createtime": 1756739484364, "description": "", "memberCount": 5, "disableLeave": 0, "userTitleEnabled": 0, "disableJoinRequests": 0}',	'hash'),
('group:cid:-1:privileges:groups:read',	'{"name": "cid:-1:privileges:groups:read", "slug": "cid-1-privileges-groups-read", "hidden": 1, "system": 1, "private": 1, "userTitle": "cid:-1:privileges:groups:read", "createtime": 1756739484477, "description": "", "memberCount": 5, "disableLeave": 0, "userTitleEnabled": 0, "disableJoinRequests": 0}',	'hash'),
('group:cid:-1:privileges:groups:topics:create',	'{"name": "cid:-1:privileges:groups:topics:create", "slug": "cid-1-privileges-groups-topics-create", "hidden": 1, "system": 1, "private": 1, "userTitle": "cid:-1:privileges:groups:topics:create", "createtime": 1756739484648, "description": "", "memberCount": 4, "disableLeave": 0, "userTitleEnabled": 0, "disableJoinRequests": 0}',	'hash'),
('group:cid:-1:privileges:groups:topics:tag',	'{"name": "cid:-1:privileges:groups:topics:tag", "slug": "cid-1-privileges-groups-topics-tag", "hidden": 1, "system": 1, "private": 1, "userTitle": "cid:-1:privileges:groups:topics:tag", "createtime": 1756739484754, "description": "", "memberCount": 4, "disableLeave": 0, "userTitleEnabled": 0, "disableJoinRequests": 0}',	'hash'),
('group:cid:0:privileges:groups:local:login',	'{"name": "cid:0:privileges:groups:local:login", "slug": "cid-0-privileges-groups-local-login", "hidden": 1, "system": 1, "private": 1, "userTitle": "cid:0:privileges:groups:local:login", "createtime": 1756739483229, "description": "", "memberCount": 2, "disableLeave": 0, "userTitleEnabled": 0, "disableJoinRequests": 0}',	'hash'),
('group:cid:-1:privileges:groups:posts:edit',	'{"name": "cid:-1:privileges:groups:posts:edit", "slug": "cid-1-privileges-groups-posts-edit", "hidden": 1, "system": 1, "private": 1, "userTitle": "cid:-1:privileges:groups:posts:edit", "createtime": 1756739484804, "description": "", "memberCount": 4, "disableLeave": 0, "userTitleEnabled": 0, "disableJoinRequests": 0}',	'hash'),
('group:cid:-1:privileges:groups:posts:history',	'{"name": "cid:-1:privileges:groups:posts:history", "slug": "cid-1-privileges-groups-posts-history", "hidden": 1, "system": 1, "private": 1, "userTitle": "cid:-1:privileges:groups:posts:history", "createtime": 1756739484865, "description": "", "memberCount": 4, "disableLeave": 0, "userTitleEnabled": 0, "disableJoinRequests": 0}',	'hash'),
('group:cid:-1:privileges:groups:topics:read',	'{"name": "cid:-1:privileges:groups:topics:read", "slug": "cid-1-privileges-groups-topics-read", "hidden": 1, "system": 1, "private": 1, "userTitle": "cid:-1:privileges:groups:topics:read", "createtime": 1756739484599, "description": "", "memberCount": 6, "disableLeave": 0, "userTitleEnabled": 0, "disableJoinRequests": 0}',	'hash'),
('group:cid:0:privileges:groups:view:tags',	'{"name": "cid:0:privileges:groups:view:tags", "slug": "cid-0-privileges-groups-view-tags", "hidden": 1, "system": 1, "private": 1, "userTitle": "cid:0:privileges:groups:view:tags", "createtime": 1756739482977, "description": "", "memberCount": 4, "disableLeave": 0, "userTitleEnabled": 0, "disableJoinRequests": 0}',	'hash'),
('group:cid:0:privileges:groups:view:groups',	'{"name": "cid:0:privileges:groups:view:groups", "slug": "cid-0-privileges-groups-view-groups", "hidden": 1, "system": 1, "private": 1, "userTitle": "cid:0:privileges:groups:view:groups", "createtime": 1756739483083, "description": "", "memberCount": 4, "disableLeave": 0, "userTitleEnabled": 0, "disableJoinRequests": 0}',	'hash'),
('group:cid:0:privileges:groups:view:users',	'{"name": "cid:0:privileges:groups:view:users", "slug": "cid-0-privileges-groups-view-users", "hidden": 1, "system": 1, "private": 1, "userTitle": "cid:0:privileges:groups:view:users", "createtime": 1756739482920, "description": "", "memberCount": 5, "disableLeave": 0, "userTitleEnabled": 0, "disableJoinRequests": 0}',	'hash'),
('navigation:enabled:0',	'{"text": "[[global:header.categories]]", "order": "0", "route": "/categories", "title": "[[global:header.categories]]", "enabled": true, "iconClass": "fa-list", "textClass": "d-lg-none"}',	'hash'),
('navigation:enabled:1',	'{"id": "unread-count", "text": "[[global:header.unread]]", "order": "1", "route": "/unread", "title": "[[global:header.unread]]", "groups": "[\"registered-users\"]", "enabled": true, "iconClass": "fa-inbox", "textClass": "d-lg-none"}',	'hash'),
('navigation:enabled:2',	'{"text": "[[global:header.recent]]", "order": "2", "route": "/recent", "title": "[[global:header.recent]]", "enabled": true, "iconClass": "fa-clock-o", "textClass": "d-lg-none"}',	'hash'),
('navigation:enabled:3',	'{"text": "[[global:header.tags]]", "order": "3", "route": "/tags", "title": "[[global:header.tags]]", "enabled": true, "iconClass": "fa-tags", "textClass": "d-lg-none"}',	'hash'),
('navigation:enabled:4',	'{"text": "[[global:header.popular]]", "order": "4", "route": "/popular", "title": "[[global:header.popular]]", "enabled": true, "iconClass": "fa-fire", "textClass": "d-lg-none"}',	'hash'),
('navigation:enabled:5',	'{"text": "[[global:header.world]]", "order": "5", "route": "/world", "title": "[[global:header.world]]", "enabled": true, "iconClass": "fa-globe", "textClass": "d-lg-none"}',	'hash'),
('navigation:enabled:6',	'{"text": "[[global:header.users]]", "order": "6", "route": "/users", "title": "[[global:header.users]]", "enabled": true, "iconClass": "fa-user", "textClass": "d-lg-none"}',	'hash'),
('group:cid:-1:privileges:groups:posts:delete',	'{"name": "cid:-1:privileges:groups:posts:delete", "slug": "cid-1-privileges-groups-posts-delete", "hidden": 1, "system": 1, "private": 1, "userTitle": "cid:-1:privileges:groups:posts:delete", "createtime": 1756739484913, "description": "", "memberCount": 4, "disableLeave": 0, "userTitleEnabled": 0, "disableJoinRequests": 0}',	'hash'),
('group:cid:-1:privileges:groups:posts:downvote',	'{"name": "cid:-1:privileges:groups:posts:downvote", "slug": "cid-1-privileges-groups-posts-downvote", "hidden": 1, "system": 1, "private": 1, "userTitle": "cid:-1:privileges:groups:posts:downvote", "createtime": 1756739485159, "description": "", "memberCount": 4, "disableLeave": 0, "userTitleEnabled": 0, "disableJoinRequests": 0}',	'hash'),
('group:cid:-1:privileges:groups:topics:schedule',	'{"name": "cid:-1:privileges:groups:topics:schedule", "slug": "cid-1-privileges-groups-topics-schedule", "hidden": 1, "system": 1, "private": 1, "userTitle": "cid:-1:privileges:groups:topics:schedule", "createtime": 1756739485834, "description": "", "memberCount": 2, "disableLeave": 0, "userTitleEnabled": 0, "disableJoinRequests": 0}',	'hash'),
('group:cid:-1:privileges:groups:purge',	'{"name": "cid:-1:privileges:groups:purge", "slug": "cid-1-privileges-groups-purge", "hidden": 1, "system": 1, "private": 1, "userTitle": "cid:-1:privileges:groups:purge", "createtime": 1756739486028, "description": "", "memberCount": 2, "disableLeave": 0, "userTitleEnabled": 0, "disableJoinRequests": 0}',	'hash'),
('group:cid:-1:privileges:groups:topics:delete',	'{"name": "cid:-1:privileges:groups:topics:delete", "slug": "cid-1-privileges-groups-topics-delete", "hidden": 1, "system": 1, "private": 1, "userTitle": "cid:-1:privileges:groups:topics:delete", "createtime": 1756739485405, "description": "", "memberCount": 4, "disableLeave": 0, "userTitleEnabled": 0, "disableJoinRequests": 0}',	'hash'),
('group:cid:-1:privileges:groups:posts:view_deleted',	'{"name": "cid:-1:privileges:groups:posts:view_deleted", "slug": "cid-1-privileges-groups-posts-view_deleted", "hidden": 1, "system": 1, "private": 1, "userTitle": "cid:-1:privileges:groups:posts:view_deleted", "createtime": 1756739485899, "description": "", "memberCount": 2, "disableLeave": 0, "userTitleEnabled": 0, "disableJoinRequests": 0}',	'hash'),
('group:cid:-1:privileges:groups:posts:upvote',	'{"name": "cid:-1:privileges:groups:posts:upvote", "slug": "cid-1-privileges-groups-posts-upvote", "hidden": 1, "system": 1, "private": 1, "userTitle": "cid:-1:privileges:groups:posts:upvote", "createtime": 1756739485063, "description": "", "memberCount": 4, "disableLeave": 0, "userTitleEnabled": 0, "disableJoinRequests": 0}',	'hash'),
('post:1',	'{"pid": 1, "tid": 1, "uid": 1, "content": "### Welcome to your brand new NodeBB forum!\n\nThis is what a topic and post looks like. As an administrator, you can edit the post\\''s title and content.\nTo customise your forum, go to the [Administrator Control Panel](../../admin). You can modify all aspects of your forum there, including installation of third-party plugins.\n\n#### Additional Resources\n\n* [NodeBB Documentation](https://docs.nodebb.org)\n* [Community Support Forum](https://community.nodebb.org)\n* [Project repository](https://github.com/nodebb/nodebb)", "timestamp": 1756739486842}',	'hash'),
('group:cid:-1:privileges:groups:topics:reply',	'{"name": "cid:-1:privileges:groups:topics:reply", "slug": "cid-1-privileges-groups-topics-reply", "hidden": 1, "system": 1, "private": 1, "userTitle": "cid:-1:privileges:groups:topics:reply", "createtime": 1756739484702, "description": "", "memberCount": 4, "disableLeave": 0, "userTitleEnabled": 0, "disableJoinRequests": 0}',	'hash'),
('topic:1',	'{"cid": 2, "tid": 1, "uid": 1, "slug": "1/welcome-to-your-nodebb", "title": "Welcome to your NodeBB!", "mainPid": 1, "postcount": 1, "timestamp": 1756739486649, "viewcount": 0, "postercount": 1, "lastposttime": 1756739486842, "followercount": 1}',	'hash'),
('widgets:global',	'{"sidebar-footer": "[\n\t{\n\t\t\"widget\": \"html\",\n\t\t\"data\" : {\n\t\t\t\"html\": \"<footer id=\\\"footer\\\" class=\\\"container footer d-flex flex-column align-items-center gap-1 mb-2\\\">\\n\\t<span>Powered by <a class=\\\"link-secondary text-decoration-underline\\\" target=\\\"_blank\\\" href=\\\"https://nodebb.org\\\">NodeBB</a></span>\\n\\t<span><a class=\\\"link-secondary\\\" target=\\\"_blank\\\" href=\\\"//github.com/NodeBB/NodeBB/graphs/contributors\\\"><i class=\\\"fa fa-users\\\"></i> <span class=\\\"text-decoration-underline\\\">Contributors<span></a></span>\\n</footer>\",\n\t\t\t\"title\":\"\",\n\t\t\t\"container\":\"\"\n\t\t}\n\t}\n]"}',	'hash');

DROP TABLE IF EXISTS "legacy_list";
CREATE TABLE "public"."legacy_list" (
    "_key" text NOT NULL,
    "array" text[] NOT NULL,
    "type" legacy_object_type DEFAULT list NOT NULL,
    CONSTRAINT "legacy_list_pkey" PRIMARY KEY ("_key"),
    CONSTRAINT "legacy_list_type_check" CHECK (type = 'list'::legacy_object_type)
)
WITH (oids = false);


DROP TABLE IF EXISTS "legacy_object";
CREATE TABLE "public"."legacy_object" (
    "_key" text NOT NULL,
    "type" legacy_object_type NOT NULL,
    "expireAt" timestamptz,
    CONSTRAINT "legacy_object_pkey" PRIMARY KEY ("_key")
)
WITH (oids = false);

CREATE UNIQUE INDEX legacy_object__key_type_key ON public.legacy_object USING btree (_key, type);

CREATE INDEX "idx__legacy_object__expireAt" ON public.legacy_object USING btree ("expireAt");

INSERT INTO "legacy_object" ("_key", "type", "expireAt") VALUES
('config',	'hash',	NULL),
('plugins:active',	'zset',	NULL),
('global',	'hash',	NULL),
('events:time',	'zset',	NULL),
('events:time:theme-set',	'zset',	NULL),
('event:1',	'hash',	NULL),
('category:1',	'hash',	NULL),
('categories:cid',	'zset',	NULL),
('cid:0:children',	'zset',	NULL),
('categories:name',	'zset',	NULL),
('categoryhandle:cid',	'zset',	NULL),
('groups:createtime',	'zset',	NULL),
('group:cid:1:privileges:groups:find',	'hash',	NULL),
('group:cid:1:privileges:groups:read',	'hash',	NULL),
('group:cid:1:privileges:groups:topics:read',	'hash',	NULL),
('group:cid:1:privileges:groups:topics:create',	'hash',	NULL),
('group:cid:1:privileges:groups:topics:reply',	'hash',	NULL),
('group:cid:1:privileges:groups:topics:tag',	'hash',	NULL),
('group:cid:1:privileges:groups:posts:edit',	'hash',	NULL),
('group:cid:1:privileges:groups:posts:history',	'hash',	NULL),
('group:cid:1:privileges:groups:posts:delete',	'hash',	NULL),
('group:cid:1:privileges:groups:posts:upvote',	'hash',	NULL),
('group:cid:1:privileges:groups:posts:downvote',	'hash',	NULL),
('group:cid:1:privileges:groups:topics:delete',	'hash',	NULL),
('group:cid:1:privileges:groups:find:members',	'zset',	NULL),
('group:cid:1:privileges:groups:read:members',	'zset',	NULL),
('group:cid:1:privileges:groups:topics:read:members',	'zset',	NULL),
('group:cid:1:privileges:groups:topics:create:members',	'zset',	NULL),
('group:cid:1:privileges:groups:topics:reply:members',	'zset',	NULL),
('group:cid:1:privileges:groups:topics:tag:members',	'zset',	NULL),
('group:cid:1:privileges:groups:posts:edit:members',	'zset',	NULL),
('group:cid:1:privileges:groups:posts:history:members',	'zset',	NULL),
('group:cid:1:privileges:groups:posts:delete:members',	'zset',	NULL),
('group:cid:1:privileges:groups:posts:upvote:members',	'zset',	NULL),
('group:cid:1:privileges:groups:posts:downvote:members',	'zset',	NULL),
('group:cid:1:privileges:groups:topics:delete:members',	'zset',	NULL),
('group:cid:1:privileges:groups:topics:schedule',	'hash',	NULL),
('group:cid:1:privileges:groups:posts:view_deleted',	'hash',	NULL),
('group:cid:1:privileges:groups:purge',	'hash',	NULL),
('group:cid:1:privileges:groups:topics:schedule:members',	'zset',	NULL),
('group:cid:1:privileges:groups:posts:view_deleted:members',	'zset',	NULL),
('group:cid:1:privileges:groups:purge:members',	'zset',	NULL),
('category:2',	'hash',	NULL),
('group:cid:2:privileges:groups:find',	'hash',	NULL),
('group:cid:2:privileges:groups:read',	'hash',	NULL),
('group:cid:2:privileges:groups:topics:read',	'hash',	NULL),
('group:cid:2:privileges:groups:topics:create',	'hash',	NULL),
('group:cid:2:privileges:groups:topics:reply',	'hash',	NULL),
('group:cid:2:privileges:groups:topics:tag',	'hash',	NULL),
('group:cid:2:privileges:groups:posts:edit',	'hash',	NULL),
('group:cid:2:privileges:groups:posts:history',	'hash',	NULL),
('group:cid:2:privileges:groups:posts:delete',	'hash',	NULL),
('group:cid:2:privileges:groups:posts:upvote',	'hash',	NULL),
('group:cid:2:privileges:groups:posts:downvote',	'hash',	NULL),
('group:cid:2:privileges:groups:topics:delete',	'hash',	NULL),
('group:cid:2:privileges:groups:find:members',	'zset',	NULL),
('group:cid:2:privileges:groups:read:members',	'zset',	NULL),
('group:cid:2:privileges:groups:topics:read:members',	'zset',	NULL),
('group:cid:2:privileges:groups:topics:create:members',	'zset',	NULL),
('group:cid:2:privileges:groups:topics:reply:members',	'zset',	NULL),
('group:cid:2:privileges:groups:topics:tag:members',	'zset',	NULL),
('group:cid:2:privileges:groups:posts:edit:members',	'zset',	NULL),
('group:cid:2:privileges:groups:posts:history:members',	'zset',	NULL),
('group:cid:2:privileges:groups:posts:delete:members',	'zset',	NULL),
('group:cid:2:privileges:groups:posts:upvote:members',	'zset',	NULL),
('group:cid:2:privileges:groups:posts:downvote:members',	'zset',	NULL),
('group:cid:2:privileges:groups:topics:delete:members',	'zset',	NULL),
('group:cid:2:privileges:groups:topics:schedule',	'hash',	NULL),
('group:cid:2:privileges:groups:posts:view_deleted',	'hash',	NULL),
('group:cid:2:privileges:groups:purge',	'hash',	NULL),
('group:cid:2:privileges:groups:topics:schedule:members',	'zset',	NULL),
('group:cid:2:privileges:groups:posts:view_deleted:members',	'zset',	NULL),
('group:cid:2:privileges:groups:purge:members',	'zset',	NULL),
('category:3',	'hash',	NULL),
('group:cid:3:privileges:groups:find',	'hash',	NULL),
('group:cid:3:privileges:groups:read',	'hash',	NULL),
('group:cid:3:privileges:groups:topics:read',	'hash',	NULL),
('group:cid:3:privileges:groups:topics:create',	'hash',	NULL),
('group:cid:3:privileges:groups:topics:reply',	'hash',	NULL),
('group:cid:3:privileges:groups:topics:tag',	'hash',	NULL),
('group:cid:3:privileges:groups:posts:edit',	'hash',	NULL),
('group:cid:3:privileges:groups:posts:history',	'hash',	NULL),
('group:cid:3:privileges:groups:posts:delete',	'hash',	NULL),
('group:cid:3:privileges:groups:posts:upvote',	'hash',	NULL),
('group:cid:3:privileges:groups:posts:downvote',	'hash',	NULL),
('group:cid:3:privileges:groups:topics:delete',	'hash',	NULL),
('group:cid:3:privileges:groups:find:members',	'zset',	NULL),
('group:cid:3:privileges:groups:read:members',	'zset',	NULL),
('group:cid:3:privileges:groups:topics:read:members',	'zset',	NULL),
('group:cid:3:privileges:groups:topics:create:members',	'zset',	NULL),
('group:cid:3:privileges:groups:topics:reply:members',	'zset',	NULL),
('group:cid:3:privileges:groups:topics:tag:members',	'zset',	NULL),
('group:cid:3:privileges:groups:posts:edit:members',	'zset',	NULL),
('group:cid:3:privileges:groups:posts:history:members',	'zset',	NULL),
('group:cid:3:privileges:groups:posts:delete:members',	'zset',	NULL),
('group:cid:3:privileges:groups:posts:upvote:members',	'zset',	NULL),
('group:cid:3:privileges:groups:posts:downvote:members',	'zset',	NULL),
('group:cid:3:privileges:groups:topics:delete:members',	'zset',	NULL),
('group:cid:3:privileges:groups:topics:schedule',	'hash',	NULL),
('group:cid:3:privileges:groups:posts:view_deleted',	'hash',	NULL),
('group:cid:3:privileges:groups:purge',	'hash',	NULL),
('group:cid:3:privileges:groups:topics:schedule:members',	'zset',	NULL),
('group:cid:3:privileges:groups:posts:view_deleted:members',	'zset',	NULL),
('group:cid:3:privileges:groups:purge:members',	'zset',	NULL),
('category:4',	'hash',	NULL),
('group:cid:4:privileges:groups:find',	'hash',	NULL),
('group:cid:4:privileges:groups:read',	'hash',	NULL),
('group:cid:4:privileges:groups:topics:read',	'hash',	NULL),
('group:cid:4:privileges:groups:topics:create',	'hash',	NULL),
('group:cid:4:privileges:groups:topics:tag',	'hash',	NULL),
('group:cid:4:privileges:groups:posts:history',	'hash',	NULL),
('group:cid:4:privileges:groups:posts:upvote',	'hash',	NULL),
('group:cid:4:privileges:groups:topics:delete',	'hash',	NULL),
('group:cid:4:privileges:groups:find:members',	'zset',	NULL),
('group:cid:4:privileges:groups:read:members',	'zset',	NULL),
('group:cid:4:privileges:groups:topics:read:members',	'zset',	NULL),
('group:cid:4:privileges:groups:topics:create:members',	'zset',	NULL),
('group:cid:4:privileges:groups:topics:reply:members',	'zset',	NULL),
('group:cid:4:privileges:groups:topics:tag:members',	'zset',	NULL),
('group:cid:4:privileges:groups:posts:edit:members',	'zset',	NULL),
('group:cid:4:privileges:groups:posts:history:members',	'zset',	NULL),
('group:cid:4:privileges:groups:posts:delete:members',	'zset',	NULL),
('group:cid:4:privileges:groups:posts:upvote:members',	'zset',	NULL),
('group:cid:4:privileges:groups:posts:downvote:members',	'zset',	NULL),
('group:cid:4:privileges:groups:topics:delete:members',	'zset',	NULL),
('group:cid:4:privileges:groups:posts:view_deleted',	'hash',	NULL),
('group:verified-users:members',	'zset',	NULL),
('group:Global Moderators',	'hash',	NULL),
('group:cid:0:privileges:groups:upload:post:image',	'hash',	NULL),
('group:cid:0:privileges:groups:search:content',	'hash',	NULL),
('group:cid:0:privileges:groups:search:tags',	'hash',	NULL),
('group:cid:0:privileges:groups:view:tags',	'hash',	NULL),
('group:cid:0:privileges:groups:local:login',	'hash',	NULL),
('group:cid:0:privileges:groups:chat:members',	'zset',	NULL),
('group:cid:0:privileges:groups:upload:post:image:members',	'zset',	NULL),
('group:cid:0:privileges:groups:signature:members',	'zset',	NULL),
('group:cid:0:privileges:groups:search:content:members',	'zset',	NULL),
('group:cid:0:privileges:groups:search:users:members',	'zset',	NULL),
('group:cid:0:privileges:groups:search:tags:members',	'zset',	NULL),
('group:cid:0:privileges:groups:view:users:members',	'zset',	NULL),
('group:cid:0:privileges:groups:view:tags:members',	'zset',	NULL),
('group:cid:0:privileges:groups:view:groups:members',	'zset',	NULL),
('group:cid:0:privileges:groups:local:login:members',	'zset',	NULL),
('group:cid:0:privileges:groups:upload:post:file',	'hash',	NULL),
('group:cid:-1:privileges:groups:find',	'hash',	NULL),
('group:cid:-1:privileges:groups:topics:read',	'hash',	NULL),
('group:cid:-1:privileges:groups:topics:reply',	'hash',	NULL),
('group:cid:-1:privileges:groups:posts:edit',	'hash',	NULL),
('group:cid:-1:privileges:groups:posts:delete',	'hash',	NULL),
('group:cid:-1:privileges:groups:posts:downvote',	'hash',	NULL),
('group:cid:-1:privileges:groups:topics:schedule',	'hash',	NULL),
('group:cid:-1:privileges:groups:purge',	'hash',	NULL),
('group:cid:-1:privileges:groups:topics:schedule:members',	'zset',	NULL),
('group:cid:-1:privileges:groups:posts:view_deleted:members',	'zset',	NULL),
('group:cid:-1:privileges:groups:purge:members',	'zset',	NULL),
('group:administrators:member:pids',	'zset',	NULL),
('group:cid:4:privileges:groups:topics:reply',	'hash',	NULL),
('group:cid:4:privileges:groups:posts:edit',	'hash',	NULL),
('group:cid:4:privileges:groups:posts:delete',	'hash',	NULL),
('group:cid:4:privileges:groups:posts:downvote',	'hash',	NULL),
('group:cid:4:privileges:groups:topics:schedule',	'hash',	NULL),
('group:cid:4:privileges:groups:purge',	'hash',	NULL),
('group:cid:4:privileges:groups:topics:schedule:members',	'zset',	NULL),
('group:cid:4:privileges:groups:posts:view_deleted:members',	'zset',	NULL),
('group:cid:4:privileges:groups:purge:members',	'zset',	NULL),
('username:uid',	'zset',	NULL),
('user:1:usernames',	'zset',	NULL),
('username:sorted',	'zset',	NULL),
('userslug:uid',	'zset',	NULL),
('users:joindate',	'zset',	NULL),
('users:online',	'zset',	NULL),
('users:postcount',	'zset',	NULL),
('users:reputation',	'zset',	NULL),
('email:uid',	'zset',	NULL),
('email:sorted',	'zset',	NULL),
('user:1:emails',	'zset',	NULL),
('group:cid:0:privileges:groups:chat',	'hash',	NULL),
('group:cid:0:privileges:groups:signature',	'hash',	NULL),
('group:cid:0:privileges:groups:search:users',	'hash',	NULL),
('group:cid:0:privileges:groups:view:users',	'hash',	NULL),
('group:cid:0:privileges:groups:view:groups',	'hash',	NULL),
('group:cid:0:privileges:groups:ban',	'hash',	NULL),
('group:cid:0:privileges:groups:view:users:info',	'hash',	NULL),
('group:cid:0:privileges:groups:ban:members',	'zset',	NULL),
('group:cid:0:privileges:groups:upload:post:file:members',	'zset',	NULL),
('group:cid:0:privileges:groups:view:users:info:members',	'zset',	NULL),
('group:cid:-1:privileges:groups:read',	'hash',	NULL),
('group:cid:-1:privileges:groups:topics:create',	'hash',	NULL),
('group:cid:-1:privileges:groups:topics:tag',	'hash',	NULL),
('group:cid:-1:privileges:groups:posts:history',	'hash',	NULL),
('group:cid:-1:privileges:groups:posts:upvote',	'hash',	NULL),
('group:cid:-1:privileges:groups:topics:delete',	'hash',	NULL),
('group:cid:-1:privileges:groups:find:members',	'zset',	NULL),
('group:cid:-1:privileges:groups:read:members',	'zset',	NULL),
('group:cid:-1:privileges:groups:topics:read:members',	'zset',	NULL),
('group:cid:-1:privileges:groups:topics:create:members',	'zset',	NULL),
('group:cid:-1:privileges:groups:topics:reply:members',	'zset',	NULL),
('group:cid:-1:privileges:groups:topics:tag:members',	'zset',	NULL),
('group:cid:-1:privileges:groups:posts:edit:members',	'zset',	NULL),
('group:cid:-1:privileges:groups:posts:history:members',	'zset',	NULL),
('group:cid:-1:privileges:groups:posts:delete:members',	'zset',	NULL),
('group:cid:-1:privileges:groups:posts:upvote:members',	'zset',	NULL),
('group:cid:-1:privileges:groups:posts:downvote:members',	'zset',	NULL),
('group:cid:-1:privileges:groups:topics:delete:members',	'zset',	NULL),
('group:cid:-1:privileges:groups:posts:view_deleted',	'hash',	NULL),
('cid:2:recent_tids',	'zset',	NULL),
('group:verified-users',	'hash',	NULL),
('groupslug:groupname',	'hash',	NULL),
('group:banned-users',	'hash',	NULL),
('topics:views',	'zset',	NULL),
('topics:posts',	'zset',	NULL),
('topics:votes',	'zset',	NULL),
('cid:2:tids:votes',	'zset',	NULL),
('cid:2:tids:posts',	'zset',	NULL),
('cid:2:tids:views',	'zset',	NULL),
('group:unverified-users',	'hash',	NULL),
('user:1',	'hash',	NULL),
('group:registered-users',	'hash',	NULL),
('group:registered-users:members',	'zset',	NULL),
('group:unverified-users:members',	'zset',	NULL),
('group:administrators',	'hash',	NULL),
('group:administrators:members',	'zset',	NULL),
('groups:visible:createtime',	'zset',	NULL),
('groups:visible:memberCount',	'zset',	NULL),
('groups:visible:name',	'zset',	NULL),
('group:administrators:owners',	'set',	NULL),
('navigation:enabled:0',	'hash',	NULL),
('navigation:enabled:1',	'hash',	NULL),
('navigation:enabled:2',	'hash',	NULL),
('navigation:enabled:3',	'hash',	NULL),
('navigation:enabled:4',	'hash',	NULL),
('navigation:enabled:5',	'hash',	NULL),
('navigation:enabled:6',	'hash',	NULL),
('navigation:enabled:7',	'hash',	NULL),
('navigation:enabled:8',	'hash',	NULL),
('navigation:enabled',	'zset',	NULL),
('topic:1',	'hash',	NULL),
('topics:tid',	'zset',	NULL),
('cid:2:tids',	'zset',	NULL),
('cid:2:tids:create',	'zset',	NULL),
('cid:2:uid:1:tids',	'zset',	NULL),
('uid:1:topics',	'zset',	NULL),
('post:1',	'hash',	NULL),
('posts:pid',	'zset',	NULL),
('uid:1:posts',	'zset',	NULL),
('cid:2:uid:1:pids',	'zset',	NULL),
('cid:2:pids',	'zset',	NULL),
('cid:2:tids:lastposttime',	'zset',	NULL),
('topics:recent',	'zset',	NULL),
('tid:1:posters',	'zset',	NULL),
('uid:1:tids_read',	'zset',	NULL),
('tid:1:followers',	'set',	NULL),
('uid:1:followed_tids',	'zset',	NULL),
('widgets:global',	'hash',	NULL),
('schemaLog',	'zset',	NULL),
('settings:web-push',	'hash',	NULL),
('ip:recent',	'zset',	NULL),
('analytics:pageviews',	'zset',	NULL),
('analytics:pageviews:month',	'zset',	NULL),
('analytics:pageviews:guest',	'zset',	NULL),
('analytics:pageviews:month:guest',	'zset',	NULL),
('analytics:uniquevisitors',	'zset',	NULL),
('analyticsKeys',	'zset',	NULL),
('uid:1:ip',	'zset',	NULL),
('ip:172.19.0.1:uid',	'zset',	NULL),
('uid:1:sessions',	'zset',	NULL),
('analytics:logins',	'zset',	NULL);

DROP VIEW IF EXISTS "legacy_object_live";
CREATE TABLE "legacy_object_live" ("_key" text, "type" legacy_object_type);


DROP TABLE IF EXISTS "legacy_set";
CREATE TABLE "public"."legacy_set" (
    "_key" text NOT NULL,
    "member" text NOT NULL,
    "type" legacy_object_type DEFAULT set NOT NULL,
    CONSTRAINT "legacy_set_pkey" PRIMARY KEY ("_key", "member"),
    CONSTRAINT "legacy_set_type_check" CHECK (type = 'set'::legacy_object_type)
)
WITH (oids = false);

INSERT INTO "legacy_set" ("_key", "member", "type") VALUES
('group:administrators:owners',	'1',	'set'),
('tid:1:followers',	'1',	'set');

DROP TABLE IF EXISTS "legacy_string";
CREATE TABLE "public"."legacy_string" (
    "_key" text NOT NULL,
    "data" text NOT NULL,
    "type" legacy_object_type DEFAULT string NOT NULL,
    CONSTRAINT "legacy_string_pkey" PRIMARY KEY ("_key"),
    CONSTRAINT "legacy_string_type_check" CHECK (type = 'string'::legacy_object_type)
)
WITH (oids = false);


DROP TABLE IF EXISTS "legacy_zset";
CREATE TABLE "public"."legacy_zset" (
    "_key" text NOT NULL,
    "value" text NOT NULL,
    "score" numeric NOT NULL,
    "type" legacy_object_type DEFAULT zset NOT NULL,
    CONSTRAINT "legacy_zset_pkey" PRIMARY KEY ("_key", "value"),
    CONSTRAINT "legacy_zset_type_check" CHECK (type = 'zset'::legacy_object_type)
)
WITH (oids = false);

CREATE INDEX idx__legacy_zset__key__score ON public.legacy_zset USING btree (_key, score DESC);

INSERT INTO "legacy_zset" ("_key", "value", "score", "type") VALUES
('plugins:active',	'nodebb-theme-harmony',	0,	'zset'),
('events:time',	'1',	1756739471823,	'zset'),
('events:time:theme-set',	'1',	1756739471823,	'zset'),
('categories:cid',	'1',	1,	'zset'),
('cid:0:children',	'1',	1,	'zset'),
('categories:name',	'announcements:1',	0,	'zset'),
('categoryhandle:cid',	'announcements',	1,	'zset'),
('groups:createtime',	'cid:1:privileges:groups:find',	1756739472164,	'zset'),
('groups:createtime',	'cid:1:privileges:groups:read',	1756739472315,	'zset'),
('groups:createtime',	'cid:1:privileges:groups:topics:read',	1756739472449,	'zset'),
('groups:createtime',	'cid:1:privileges:groups:topics:create',	1756739472593,	'zset'),
('groups:createtime',	'cid:1:privileges:groups:topics:reply',	1756739472684,	'zset'),
('groups:createtime',	'cid:1:privileges:groups:topics:tag',	1756739472844,	'zset'),
('groups:createtime',	'cid:1:privileges:groups:posts:edit',	1756739472895,	'zset'),
('groups:createtime',	'cid:1:privileges:groups:posts:history',	1756739472975,	'zset'),
('groups:createtime',	'cid:1:privileges:groups:posts:delete',	1756739473059,	'zset'),
('groups:createtime',	'cid:1:privileges:groups:posts:upvote',	1756739473146,	'zset'),
('groups:createtime',	'cid:1:privileges:groups:posts:downvote',	1756739473289,	'zset'),
('groups:createtime',	'cid:1:privileges:groups:topics:delete',	1756739473426,	'zset'),
('group:cid:1:privileges:groups:find:members',	'registered-users',	1756739473493,	'zset'),
('group:cid:1:privileges:groups:read:members',	'registered-users',	1756739473493,	'zset'),
('group:cid:1:privileges:groups:topics:read:members',	'registered-users',	1756739473493,	'zset'),
('group:cid:1:privileges:groups:topics:create:members',	'registered-users',	1756739473493,	'zset'),
('group:cid:1:privileges:groups:topics:reply:members',	'registered-users',	1756739473493,	'zset'),
('group:cid:1:privileges:groups:topics:tag:members',	'registered-users',	1756739473493,	'zset'),
('group:cid:1:privileges:groups:posts:edit:members',	'registered-users',	1756739473493,	'zset'),
('group:cid:1:privileges:groups:posts:history:members',	'registered-users',	1756739473493,	'zset'),
('group:cid:1:privileges:groups:posts:delete:members',	'registered-users',	1756739473493,	'zset'),
('group:cid:1:privileges:groups:posts:upvote:members',	'registered-users',	1756739473493,	'zset'),
('group:cid:1:privileges:groups:posts:downvote:members',	'registered-users',	1756739473493,	'zset'),
('group:cid:1:privileges:groups:topics:delete:members',	'registered-users',	1756739473493,	'zset'),
('group:cid:1:privileges:groups:find:members',	'fediverse',	1756739473580,	'zset'),
('group:cid:1:privileges:groups:read:members',	'fediverse',	1756739473580,	'zset'),
('group:cid:1:privileges:groups:topics:read:members',	'fediverse',	1756739473580,	'zset'),
('group:cid:1:privileges:groups:topics:create:members',	'fediverse',	1756739473580,	'zset'),
('group:cid:1:privileges:groups:topics:reply:members',	'fediverse',	1756739473580,	'zset'),
('group:cid:1:privileges:groups:topics:tag:members',	'fediverse',	1756739473580,	'zset'),
('group:cid:1:privileges:groups:posts:edit:members',	'fediverse',	1756739473580,	'zset'),
('group:cid:1:privileges:groups:posts:history:members',	'fediverse',	1756739473580,	'zset'),
('group:cid:1:privileges:groups:posts:delete:members',	'fediverse',	1756739473580,	'zset'),
('group:cid:1:privileges:groups:posts:upvote:members',	'fediverse',	1756739473580,	'zset'),
('group:cid:1:privileges:groups:posts:downvote:members',	'fediverse',	1756739473580,	'zset'),
('group:cid:1:privileges:groups:topics:delete:members',	'fediverse',	1756739473580,	'zset'),
('groups:createtime',	'cid:1:privileges:groups:topics:schedule',	1756739473698,	'zset'),
('groups:createtime',	'cid:1:privileges:groups:posts:view_deleted',	1756739473819,	'zset'),
('groups:createtime',	'cid:1:privileges:groups:purge',	1756739474016,	'zset'),
('group:cid:1:privileges:groups:find:members',	'administrators',	1756739474256,	'zset'),
('group:cid:1:privileges:groups:read:members',	'administrators',	1756739474256,	'zset'),
('group:cid:1:privileges:groups:topics:read:members',	'administrators',	1756739474256,	'zset'),
('group:cid:1:privileges:groups:topics:create:members',	'administrators',	1756739474256,	'zset'),
('group:cid:1:privileges:groups:topics:reply:members',	'administrators',	1756739474256,	'zset'),
('group:cid:1:privileges:groups:topics:tag:members',	'administrators',	1756739474256,	'zset'),
('group:cid:1:privileges:groups:posts:edit:members',	'administrators',	1756739474256,	'zset'),
('group:cid:1:privileges:groups:posts:history:members',	'administrators',	1756739474256,	'zset'),
('group:cid:1:privileges:groups:posts:delete:members',	'administrators',	1756739474256,	'zset'),
('group:cid:1:privileges:groups:posts:upvote:members',	'administrators',	1756739474256,	'zset'),
('group:cid:1:privileges:groups:posts:downvote:members',	'administrators',	1756739474256,	'zset'),
('group:cid:1:privileges:groups:topics:delete:members',	'administrators',	1756739474256,	'zset'),
('group:cid:1:privileges:groups:topics:schedule:members',	'administrators',	1756739474256,	'zset'),
('group:cid:1:privileges:groups:posts:view_deleted:members',	'administrators',	1756739474256,	'zset'),
('group:cid:1:privileges:groups:purge:members',	'administrators',	1756739474256,	'zset'),
('group:cid:1:privileges:groups:find:members',	'Global Moderators',	1756739474372,	'zset'),
('group:cid:1:privileges:groups:read:members',	'Global Moderators',	1756739474372,	'zset'),
('group:cid:1:privileges:groups:topics:read:members',	'Global Moderators',	1756739474372,	'zset'),
('group:cid:1:privileges:groups:topics:create:members',	'Global Moderators',	1756739474372,	'zset'),
('group:cid:1:privileges:groups:topics:reply:members',	'Global Moderators',	1756739474372,	'zset'),
('group:cid:1:privileges:groups:topics:tag:members',	'Global Moderators',	1756739474372,	'zset'),
('group:cid:1:privileges:groups:posts:edit:members',	'Global Moderators',	1756739474372,	'zset'),
('group:cid:1:privileges:groups:posts:history:members',	'Global Moderators',	1756739474372,	'zset'),
('group:cid:1:privileges:groups:posts:delete:members',	'Global Moderators',	1756739474372,	'zset'),
('group:cid:1:privileges:groups:posts:upvote:members',	'Global Moderators',	1756739474372,	'zset'),
('group:cid:1:privileges:groups:posts:downvote:members',	'Global Moderators',	1756739474372,	'zset'),
('group:cid:1:privileges:groups:topics:delete:members',	'Global Moderators',	1756739474372,	'zset'),
('group:cid:1:privileges:groups:topics:schedule:members',	'Global Moderators',	1756739474372,	'zset'),
('group:cid:1:privileges:groups:posts:view_deleted:members',	'Global Moderators',	1756739474372,	'zset'),
('group:cid:1:privileges:groups:purge:members',	'Global Moderators',	1756739474372,	'zset'),
('group:cid:1:privileges:groups:find:members',	'guests',	1756739474501,	'zset'),
('group:cid:1:privileges:groups:read:members',	'guests',	1756739474501,	'zset'),
('group:cid:1:privileges:groups:topics:read:members',	'guests',	1756739474501,	'zset'),
('groups:createtime',	'unverified-users',	1756739480430,	'zset'),
('uid:1:topics',	'1',	1756739486649,	'zset'),
('cid:2:tids:lastposttime',	'1',	1756739486842,	'zset'),
('topics:recent',	'1',	1756739486842,	'zset'),
('group:cid:1:privileges:groups:find:members',	'spiders',	1756739474551,	'zset'),
('group:cid:1:privileges:groups:read:members',	'spiders',	1756739474551,	'zset'),
('group:cid:1:privileges:groups:topics:read:members',	'spiders',	1756739474551,	'zset'),
('groups:createtime',	'cid:2:privileges:groups:read',	1756739474720,	'zset'),
('groups:createtime',	'cid:2:privileges:groups:topics:create',	1756739474823,	'zset'),
('groups:createtime',	'cid:2:privileges:groups:topics:tag',	1756739474938,	'zset'),
('groups:createtime',	'cid:2:privileges:groups:posts:history',	1756739475086,	'zset'),
('groups:createtime',	'cid:2:privileges:groups:posts:upvote',	1756739475285,	'zset'),
('groups:createtime',	'cid:2:privileges:groups:topics:delete',	1756739475507,	'zset'),
('group:cid:2:privileges:groups:find:members',	'registered-users',	1756739475669,	'zset'),
('group:cid:2:privileges:groups:read:members',	'registered-users',	1756739475669,	'zset'),
('group:cid:2:privileges:groups:topics:read:members',	'registered-users',	1756739475669,	'zset'),
('group:cid:2:privileges:groups:topics:create:members',	'registered-users',	1756739475669,	'zset'),
('group:cid:2:privileges:groups:topics:reply:members',	'registered-users',	1756739475669,	'zset'),
('group:cid:2:privileges:groups:topics:tag:members',	'registered-users',	1756739475669,	'zset'),
('group:cid:2:privileges:groups:posts:edit:members',	'registered-users',	1756739475669,	'zset'),
('group:cid:2:privileges:groups:posts:history:members',	'registered-users',	1756739475669,	'zset'),
('group:cid:2:privileges:groups:posts:delete:members',	'registered-users',	1756739475669,	'zset'),
('group:cid:2:privileges:groups:posts:upvote:members',	'registered-users',	1756739475669,	'zset'),
('group:cid:2:privileges:groups:posts:downvote:members',	'registered-users',	1756739475669,	'zset'),
('group:cid:2:privileges:groups:topics:delete:members',	'registered-users',	1756739475669,	'zset'),
('group:cid:2:privileges:groups:find:members',	'fediverse',	1756739475772,	'zset'),
('group:cid:2:privileges:groups:read:members',	'fediverse',	1756739475772,	'zset'),
('group:cid:2:privileges:groups:topics:read:members',	'fediverse',	1756739475772,	'zset'),
('group:cid:2:privileges:groups:topics:create:members',	'fediverse',	1756739475772,	'zset'),
('group:cid:2:privileges:groups:topics:reply:members',	'fediverse',	1756739475772,	'zset'),
('group:cid:2:privileges:groups:topics:tag:members',	'fediverse',	1756739475772,	'zset'),
('group:cid:2:privileges:groups:posts:edit:members',	'fediverse',	1756739475772,	'zset'),
('group:cid:2:privileges:groups:posts:history:members',	'fediverse',	1756739475772,	'zset'),
('group:cid:2:privileges:groups:posts:delete:members',	'fediverse',	1756739475772,	'zset'),
('group:cid:2:privileges:groups:posts:upvote:members',	'fediverse',	1756739475772,	'zset'),
('group:cid:2:privileges:groups:posts:downvote:members',	'fediverse',	1756739475772,	'zset'),
('group:cid:2:privileges:groups:topics:delete:members',	'fediverse',	1756739475772,	'zset'),
('groups:createtime',	'cid:2:privileges:groups:posts:view_deleted',	1756739476097,	'zset'),
('groups:createtime',	'cid:3:privileges:groups:find',	1756739476802,	'zset'),
('groups:createtime',	'cid:3:privileges:groups:topics:read',	1756739476894,	'zset'),
('groups:createtime',	'cid:3:privileges:groups:topics:reply',	1756739476998,	'zset'),
('groups:createtime',	'cid:3:privileges:groups:posts:edit',	1756739477104,	'zset'),
('groups:createtime',	'cid:3:privileges:groups:posts:delete',	1756739477318,	'zset'),
('groups:createtime',	'cid:3:privileges:groups:posts:downvote',	1756739477522,	'zset'),
('groups:createtime',	'cid:3:privileges:groups:topics:schedule',	1756739478059,	'zset'),
('groups:createtime',	'cid:3:privileges:groups:purge',	1756739478169,	'zset'),
('group:cid:3:privileges:groups:find:members',	'administrators',	1756739478221,	'zset'),
('group:cid:3:privileges:groups:read:members',	'administrators',	1756739478221,	'zset'),
('group:cid:3:privileges:groups:topics:read:members',	'administrators',	1756739478221,	'zset'),
('group:cid:3:privileges:groups:topics:create:members',	'administrators',	1756739478221,	'zset'),
('group:cid:3:privileges:groups:topics:reply:members',	'administrators',	1756739478221,	'zset'),
('group:cid:3:privileges:groups:topics:tag:members',	'administrators',	1756739478221,	'zset'),
('group:cid:3:privileges:groups:posts:edit:members',	'administrators',	1756739478221,	'zset'),
('group:cid:3:privileges:groups:posts:history:members',	'administrators',	1756739478221,	'zset'),
('group:cid:3:privileges:groups:posts:delete:members',	'administrators',	1756739478221,	'zset'),
('group:cid:3:privileges:groups:posts:upvote:members',	'administrators',	1756739478221,	'zset'),
('group:cid:3:privileges:groups:posts:downvote:members',	'administrators',	1756739478221,	'zset'),
('group:cid:3:privileges:groups:topics:delete:members',	'administrators',	1756739478221,	'zset'),
('group:cid:3:privileges:groups:topics:schedule:members',	'administrators',	1756739478221,	'zset'),
('group:cid:3:privileges:groups:posts:view_deleted:members',	'administrators',	1756739478221,	'zset'),
('group:cid:3:privileges:groups:purge:members',	'administrators',	1756739478221,	'zset'),
('group:cid:3:privileges:groups:find:members',	'Global Moderators',	1756739478267,	'zset'),
('group:cid:3:privileges:groups:read:members',	'Global Moderators',	1756739478267,	'zset'),
('group:cid:3:privileges:groups:topics:read:members',	'Global Moderators',	1756739478267,	'zset'),
('group:cid:3:privileges:groups:topics:create:members',	'Global Moderators',	1756739478267,	'zset'),
('group:cid:3:privileges:groups:topics:reply:members',	'Global Moderators',	1756739478267,	'zset'),
('group:cid:3:privileges:groups:topics:tag:members',	'Global Moderators',	1756739478267,	'zset'),
('group:cid:3:privileges:groups:posts:edit:members',	'Global Moderators',	1756739478267,	'zset'),
('group:cid:3:privileges:groups:posts:history:members',	'Global Moderators',	1756739478267,	'zset'),
('group:cid:3:privileges:groups:posts:delete:members',	'Global Moderators',	1756739478267,	'zset'),
('group:cid:3:privileges:groups:posts:upvote:members',	'Global Moderators',	1756739478267,	'zset'),
('group:cid:3:privileges:groups:posts:downvote:members',	'Global Moderators',	1756739478267,	'zset'),
('group:cid:3:privileges:groups:topics:delete:members',	'Global Moderators',	1756739478267,	'zset'),
('group:cid:3:privileges:groups:topics:schedule:members',	'Global Moderators',	1756739478267,	'zset'),
('group:cid:3:privileges:groups:posts:view_deleted:members',	'Global Moderators',	1756739478267,	'zset'),
('group:cid:3:privileges:groups:purge:members',	'Global Moderators',	1756739478267,	'zset'),
('group:cid:3:privileges:groups:find:members',	'guests',	1756739478310,	'zset'),
('group:cid:3:privileges:groups:read:members',	'guests',	1756739478310,	'zset'),
('navigation:enabled',	'2',	2,	'zset'),
('categories:cid',	'2',	2,	'zset'),
('cid:0:children',	'2',	2,	'zset'),
('categories:name',	'general discussion:2',	0,	'zset'),
('categoryhandle:cid',	'general-discussion',	2,	'zset'),
('categories:cid',	'3',	4,	'zset'),
('cid:0:children',	'3',	4,	'zset'),
('categories:name',	'blogs:3',	0,	'zset'),
('categoryhandle:cid',	'blogs',	3,	'zset'),
('categories:cid',	'4',	3,	'zset'),
('cid:0:children',	'4',	3,	'zset'),
('categories:name',	'comments & feedback:4',	0,	'zset'),
('categoryhandle:cid',	'comments-feedback',	4,	'zset'),
('groups:createtime',	'verified-users',	1756739480298,	'zset'),
('groups:createtime',	'banned-users',	1756739480585,	'zset'),
('topics:views',	'1',	0,	'zset'),
('topics:votes',	'1',	0,	'zset'),
('cid:2:tids:votes',	'1',	0,	'zset'),
('cid:2:tids:views',	'1',	0,	'zset'),
('cid:2:tids:posts',	'1',	1,	'zset'),
('topics:posts',	'1',	1,	'zset'),
('groups:createtime',	'cid:2:privileges:groups:find',	1756739474665,	'zset'),
('groups:createtime',	'cid:2:privileges:groups:topics:read',	1756739474772,	'zset'),
('groups:createtime',	'cid:2:privileges:groups:topics:reply',	1756739474877,	'zset'),
('groups:createtime',	'cid:2:privileges:groups:posts:edit',	1756739475009,	'zset'),
('groups:createtime',	'cid:2:privileges:groups:posts:delete',	1756739475218,	'zset'),
('groups:createtime',	'cid:2:privileges:groups:posts:downvote',	1756739475351,	'zset'),
('groups:createtime',	'cid:2:privileges:groups:topics:schedule',	1756739476019,	'zset'),
('groups:createtime',	'cid:2:privileges:groups:purge',	1756739476234,	'zset'),
('group:cid:2:privileges:groups:find:members',	'administrators',	1756739476471,	'zset'),
('group:cid:2:privileges:groups:read:members',	'administrators',	1756739476471,	'zset'),
('group:cid:2:privileges:groups:topics:read:members',	'administrators',	1756739476471,	'zset'),
('group:cid:2:privileges:groups:topics:create:members',	'administrators',	1756739476471,	'zset'),
('group:cid:2:privileges:groups:topics:reply:members',	'administrators',	1756739476471,	'zset'),
('group:cid:2:privileges:groups:topics:tag:members',	'administrators',	1756739476471,	'zset'),
('group:cid:2:privileges:groups:posts:edit:members',	'administrators',	1756739476471,	'zset'),
('group:cid:2:privileges:groups:posts:history:members',	'administrators',	1756739476471,	'zset'),
('group:cid:2:privileges:groups:posts:delete:members',	'administrators',	1756739476471,	'zset'),
('group:cid:2:privileges:groups:posts:upvote:members',	'administrators',	1756739476471,	'zset'),
('group:cid:2:privileges:groups:posts:downvote:members',	'administrators',	1756739476471,	'zset'),
('group:cid:2:privileges:groups:topics:delete:members',	'administrators',	1756739476471,	'zset'),
('group:cid:2:privileges:groups:topics:schedule:members',	'administrators',	1756739476471,	'zset'),
('group:cid:2:privileges:groups:posts:view_deleted:members',	'administrators',	1756739476471,	'zset'),
('group:cid:2:privileges:groups:purge:members',	'administrators',	1756739476471,	'zset'),
('group:cid:2:privileges:groups:find:members',	'Global Moderators',	1756739476519,	'zset'),
('group:cid:2:privileges:groups:read:members',	'Global Moderators',	1756739476519,	'zset'),
('group:cid:2:privileges:groups:topics:read:members',	'Global Moderators',	1756739476519,	'zset'),
('group:cid:2:privileges:groups:topics:create:members',	'Global Moderators',	1756739476519,	'zset'),
('group:cid:2:privileges:groups:topics:reply:members',	'Global Moderators',	1756739476519,	'zset'),
('group:cid:2:privileges:groups:topics:tag:members',	'Global Moderators',	1756739476519,	'zset'),
('group:cid:2:privileges:groups:posts:edit:members',	'Global Moderators',	1756739476519,	'zset'),
('group:cid:2:privileges:groups:posts:history:members',	'Global Moderators',	1756739476519,	'zset'),
('group:cid:2:privileges:groups:posts:delete:members',	'Global Moderators',	1756739476519,	'zset'),
('group:cid:2:privileges:groups:posts:upvote:members',	'Global Moderators',	1756739476519,	'zset'),
('group:cid:2:privileges:groups:posts:downvote:members',	'Global Moderators',	1756739476519,	'zset'),
('group:cid:2:privileges:groups:topics:delete:members',	'Global Moderators',	1756739476519,	'zset'),
('group:cid:2:privileges:groups:topics:schedule:members',	'Global Moderators',	1756739476519,	'zset'),
('group:cid:2:privileges:groups:posts:view_deleted:members',	'Global Moderators',	1756739476519,	'zset'),
('group:cid:2:privileges:groups:purge:members',	'Global Moderators',	1756739476519,	'zset'),
('group:cid:2:privileges:groups:find:members',	'guests',	1756739476572,	'zset'),
('group:cid:2:privileges:groups:read:members',	'guests',	1756739476572,	'zset'),
('group:cid:2:privileges:groups:topics:read:members',	'guests',	1756739476572,	'zset'),
('group:cid:2:privileges:groups:find:members',	'spiders',	1756739476632,	'zset'),
('group:cid:2:privileges:groups:read:members',	'spiders',	1756739476632,	'zset'),
('group:cid:2:privileges:groups:topics:read:members',	'spiders',	1756739476632,	'zset'),
('groups:createtime',	'cid:3:privileges:groups:read',	1756739476847,	'zset'),
('groups:createtime',	'cid:3:privileges:groups:topics:create',	1756739476946,	'zset'),
('groups:createtime',	'cid:3:privileges:groups:topics:tag',	1756739477050,	'zset'),
('groups:createtime',	'cid:3:privileges:groups:posts:history',	1756739477169,	'zset'),
('groups:createtime',	'cid:3:privileges:groups:posts:upvote',	1756739477389,	'zset'),
('groups:createtime',	'cid:3:privileges:groups:topics:delete',	1756739477706,	'zset'),
('group:cid:3:privileges:groups:find:members',	'registered-users',	1756739477905,	'zset'),
('group:cid:3:privileges:groups:read:members',	'registered-users',	1756739477905,	'zset'),
('group:cid:3:privileges:groups:topics:read:members',	'registered-users',	1756739477905,	'zset'),
('group:cid:3:privileges:groups:topics:create:members',	'registered-users',	1756739477905,	'zset'),
('group:cid:3:privileges:groups:topics:reply:members',	'registered-users',	1756739477905,	'zset'),
('group:cid:3:privileges:groups:topics:tag:members',	'registered-users',	1756739477905,	'zset'),
('group:cid:3:privileges:groups:posts:edit:members',	'registered-users',	1756739477905,	'zset'),
('group:cid:3:privileges:groups:posts:history:members',	'registered-users',	1756739477905,	'zset'),
('group:cid:3:privileges:groups:posts:delete:members',	'registered-users',	1756739477905,	'zset'),
('group:cid:3:privileges:groups:posts:upvote:members',	'registered-users',	1756739477905,	'zset'),
('group:cid:3:privileges:groups:posts:downvote:members',	'registered-users',	1756739477905,	'zset'),
('group:cid:3:privileges:groups:topics:delete:members',	'registered-users',	1756739477905,	'zset'),
('group:cid:3:privileges:groups:find:members',	'fediverse',	1756739478012,	'zset'),
('group:cid:3:privileges:groups:read:members',	'fediverse',	1756739478012,	'zset'),
('group:cid:3:privileges:groups:topics:read:members',	'fediverse',	1756739478012,	'zset'),
('group:cid:3:privileges:groups:topics:create:members',	'fediverse',	1756739478012,	'zset'),
('group:cid:3:privileges:groups:topics:reply:members',	'fediverse',	1756739478012,	'zset'),
('group:cid:3:privileges:groups:topics:tag:members',	'fediverse',	1756739478012,	'zset'),
('group:cid:3:privileges:groups:posts:edit:members',	'fediverse',	1756739478012,	'zset'),
('group:cid:3:privileges:groups:posts:history:members',	'fediverse',	1756739478012,	'zset'),
('group:cid:3:privileges:groups:posts:delete:members',	'fediverse',	1756739478012,	'zset'),
('group:cid:3:privileges:groups:posts:upvote:members',	'fediverse',	1756739478012,	'zset'),
('group:cid:3:privileges:groups:posts:downvote:members',	'fediverse',	1756739478012,	'zset'),
('group:cid:3:privileges:groups:topics:delete:members',	'fediverse',	1756739478012,	'zset'),
('group:cid:3:privileges:groups:topics:read:members',	'guests',	1756739478310,	'zset'),
('groups:createtime',	'cid:3:privileges:groups:posts:view_deleted',	1756739478114,	'zset'),
('groups:createtime',	'cid:4:privileges:groups:find',	1756739478525,	'zset'),
('groups:createtime',	'cid:4:privileges:groups:topics:read',	1756739478695,	'zset'),
('groups:createtime',	'cid:4:privileges:groups:topics:reply',	1756739478995,	'zset'),
('groups:createtime',	'cid:4:privileges:groups:posts:edit',	1756739479227,	'zset'),
('groups:createtime',	'cid:4:privileges:groups:posts:delete',	1756739479445,	'zset'),
('groups:createtime',	'cid:4:privileges:groups:posts:downvote',	1756739479596,	'zset'),
('groups:createtime',	'cid:4:privileges:groups:topics:schedule',	1756739479866,	'zset'),
('groups:createtime',	'cid:4:privileges:groups:purge',	1756739480041,	'zset'),
('group:cid:4:privileges:groups:find:members',	'administrators',	1756739480109,	'zset'),
('group:cid:4:privileges:groups:read:members',	'administrators',	1756739480109,	'zset'),
('group:cid:4:privileges:groups:topics:read:members',	'administrators',	1756739480109,	'zset'),
('group:cid:4:privileges:groups:topics:create:members',	'administrators',	1756739480109,	'zset'),
('group:cid:4:privileges:groups:topics:reply:members',	'administrators',	1756739480109,	'zset'),
('group:cid:4:privileges:groups:topics:tag:members',	'administrators',	1756739480109,	'zset'),
('group:cid:4:privileges:groups:posts:edit:members',	'administrators',	1756739480109,	'zset'),
('group:cid:4:privileges:groups:posts:history:members',	'administrators',	1756739480109,	'zset'),
('group:cid:4:privileges:groups:posts:delete:members',	'administrators',	1756739480109,	'zset'),
('group:cid:4:privileges:groups:posts:upvote:members',	'administrators',	1756739480109,	'zset'),
('group:cid:4:privileges:groups:posts:downvote:members',	'administrators',	1756739480109,	'zset'),
('group:cid:4:privileges:groups:topics:delete:members',	'administrators',	1756739480109,	'zset'),
('group:cid:4:privileges:groups:topics:schedule:members',	'administrators',	1756739480109,	'zset'),
('group:cid:4:privileges:groups:posts:view_deleted:members',	'administrators',	1756739480109,	'zset'),
('group:cid:4:privileges:groups:purge:members',	'administrators',	1756739480109,	'zset'),
('group:cid:4:privileges:groups:find:members',	'Global Moderators',	1756739480156,	'zset'),
('group:cid:4:privileges:groups:read:members',	'Global Moderators',	1756739480156,	'zset'),
('group:cid:4:privileges:groups:topics:read:members',	'Global Moderators',	1756739480156,	'zset'),
('group:cid:4:privileges:groups:topics:create:members',	'Global Moderators',	1756739480156,	'zset'),
('group:cid:4:privileges:groups:topics:reply:members',	'Global Moderators',	1756739480156,	'zset'),
('group:cid:4:privileges:groups:topics:tag:members',	'Global Moderators',	1756739480156,	'zset'),
('group:cid:4:privileges:groups:posts:edit:members',	'Global Moderators',	1756739480156,	'zset'),
('group:cid:4:privileges:groups:posts:history:members',	'Global Moderators',	1756739480156,	'zset'),
('group:cid:4:privileges:groups:posts:delete:members',	'Global Moderators',	1756739480156,	'zset'),
('group:cid:4:privileges:groups:posts:upvote:members',	'Global Moderators',	1756739480156,	'zset'),
('group:cid:4:privileges:groups:posts:downvote:members',	'Global Moderators',	1756739480156,	'zset'),
('group:cid:4:privileges:groups:topics:delete:members',	'Global Moderators',	1756739480156,	'zset'),
('group:cid:4:privileges:groups:topics:schedule:members',	'Global Moderators',	1756739480156,	'zset'),
('group:cid:4:privileges:groups:posts:view_deleted:members',	'Global Moderators',	1756739480156,	'zset'),
('group:cid:4:privileges:groups:purge:members',	'Global Moderators',	1756739480156,	'zset'),
('group:cid:4:privileges:groups:find:members',	'guests',	1756739480203,	'zset'),
('group:cid:4:privileges:groups:read:members',	'guests',	1756739480203,	'zset'),
('group:cid:4:privileges:groups:topics:read:members',	'guests',	1756739480203,	'zset'),
('group:cid:4:privileges:groups:find:members',	'spiders',	1756739480243,	'zset'),
('group:cid:4:privileges:groups:read:members',	'spiders',	1756739480243,	'zset'),
('group:cid:4:privileges:groups:topics:read:members',	'spiders',	1756739480243,	'zset'),
('username:uid',	'admin',	1,	'zset'),
('user:1:usernames',	'admin:1756739480756',	1756739480756,	'zset'),
('username:sorted',	'admin:1',	0,	'zset'),
('userslug:uid',	'admin',	1,	'zset'),
('users:joindate',	'1',	1756739480756,	'zset'),
('users:reputation',	'1',	0,	'zset'),
('email:uid',	'admin@local.co',	1,	'zset'),
('email:sorted',	'admin@local.co:1',	0,	'zset'),
('user:1:emails',	'admin@local.co:1756739481398:1',	1756739481398,	'zset'),
('groups:createtime',	'cid:0:privileges:groups:chat',	1756739482404,	'zset'),
('groups:createtime',	'cid:0:privileges:groups:signature',	1756739482551,	'zset'),
('groups:createtime',	'cid:0:privileges:groups:search:users',	1756739482743,	'zset'),
('groups:createtime',	'cid:0:privileges:groups:view:users',	1756739482920,	'zset'),
('groups:createtime',	'cid:0:privileges:groups:view:groups',	1756739483083,	'zset'),
('groups:createtime',	'cid:0:privileges:groups:ban',	1756739483442,	'zset'),
('groups:createtime',	'cid:0:privileges:groups:view:users:info',	1756739483697,	'zset'),
('group:cid:0:privileges:groups:chat:members',	'Global Moderators',	1756739483801,	'zset'),
('group:cid:0:privileges:groups:upload:post:image:members',	'Global Moderators',	1756739483801,	'zset'),
('group:cid:0:privileges:groups:signature:members',	'Global Moderators',	1756739483801,	'zset'),
('group:cid:0:privileges:groups:search:content:members',	'Global Moderators',	1756739483801,	'zset'),
('group:cid:0:privileges:groups:search:users:members',	'Global Moderators',	1756739483801,	'zset'),
('group:cid:0:privileges:groups:search:tags:members',	'Global Moderators',	1756739483801,	'zset'),
('group:cid:0:privileges:groups:view:users:members',	'Global Moderators',	1756739483801,	'zset'),
('group:cid:0:privileges:groups:view:tags:members',	'Global Moderators',	1756739483801,	'zset'),
('group:cid:0:privileges:groups:view:groups:members',	'Global Moderators',	1756739483801,	'zset'),
('group:cid:0:privileges:groups:local:login:members',	'Global Moderators',	1756739483801,	'zset'),
('group:cid:0:privileges:groups:ban:members',	'Global Moderators',	1756739483801,	'zset'),
('group:cid:0:privileges:groups:upload:post:file:members',	'Global Moderators',	1756739483801,	'zset'),
('group:cid:0:privileges:groups:view:users:info:members',	'Global Moderators',	1756739483801,	'zset'),
('group:cid:0:privileges:groups:view:users:members',	'guests',	1756739483933,	'zset'),
('group:cid:0:privileges:groups:view:tags:members',	'guests',	1756739483933,	'zset'),
('group:cid:0:privileges:groups:view:groups:members',	'guests',	1756739483933,	'zset'),
('users:online',	'1',	1756739536255,	'zset'),
('group:cid:3:privileges:groups:find:members',	'spiders',	1756739478349,	'zset'),
('group:cid:3:privileges:groups:read:members',	'spiders',	1756739478349,	'zset'),
('group:cid:3:privileges:groups:topics:read:members',	'spiders',	1756739478349,	'zset'),
('groups:createtime',	'cid:4:privileges:groups:read',	1756739478620,	'zset'),
('groups:createtime',	'cid:4:privileges:groups:topics:create',	1756739478884,	'zset'),
('groups:createtime',	'cid:4:privileges:groups:topics:tag',	1756739479069,	'zset'),
('groups:createtime',	'cid:4:privileges:groups:posts:history',	1756739479347,	'zset'),
('groups:createtime',	'cid:4:privileges:groups:posts:upvote',	1756739479510,	'zset'),
('groups:createtime',	'cid:4:privileges:groups:topics:delete',	1756739479648,	'zset'),
('group:cid:4:privileges:groups:find:members',	'registered-users',	1756739479724,	'zset'),
('group:cid:4:privileges:groups:read:members',	'registered-users',	1756739479724,	'zset'),
('group:cid:4:privileges:groups:topics:read:members',	'registered-users',	1756739479724,	'zset'),
('group:cid:4:privileges:groups:topics:create:members',	'registered-users',	1756739479724,	'zset'),
('group:cid:4:privileges:groups:topics:reply:members',	'registered-users',	1756739479724,	'zset'),
('group:cid:4:privileges:groups:topics:tag:members',	'registered-users',	1756739479724,	'zset'),
('group:cid:4:privileges:groups:posts:edit:members',	'registered-users',	1756739479724,	'zset'),
('group:cid:4:privileges:groups:posts:history:members',	'registered-users',	1756739479724,	'zset'),
('group:cid:4:privileges:groups:posts:delete:members',	'registered-users',	1756739479724,	'zset'),
('group:cid:4:privileges:groups:posts:upvote:members',	'registered-users',	1756739479724,	'zset'),
('group:cid:4:privileges:groups:posts:downvote:members',	'registered-users',	1756739479724,	'zset'),
('group:cid:4:privileges:groups:topics:delete:members',	'registered-users',	1756739479724,	'zset'),
('group:cid:4:privileges:groups:find:members',	'fediverse',	1756739479769,	'zset'),
('group:cid:4:privileges:groups:read:members',	'fediverse',	1756739479769,	'zset'),
('group:cid:4:privileges:groups:topics:read:members',	'fediverse',	1756739479769,	'zset'),
('group:cid:4:privileges:groups:topics:create:members',	'fediverse',	1756739479769,	'zset'),
('group:cid:4:privileges:groups:topics:reply:members',	'fediverse',	1756739479769,	'zset'),
('group:cid:4:privileges:groups:topics:tag:members',	'fediverse',	1756739479769,	'zset'),
('group:cid:4:privileges:groups:posts:edit:members',	'fediverse',	1756739479769,	'zset'),
('group:cid:4:privileges:groups:posts:history:members',	'fediverse',	1756739479769,	'zset'),
('group:cid:4:privileges:groups:posts:delete:members',	'fediverse',	1756739479769,	'zset'),
('group:cid:4:privileges:groups:posts:upvote:members',	'fediverse',	1756739479769,	'zset'),
('group:cid:4:privileges:groups:posts:downvote:members',	'fediverse',	1756739479769,	'zset'),
('group:cid:4:privileges:groups:topics:delete:members',	'fediverse',	1756739479769,	'zset'),
('groups:createtime',	'cid:4:privileges:groups:posts:view_deleted',	1756739479940,	'zset'),
('groups:createtime',	'registered-users',	1756739480902,	'zset'),
('group:registered-users:members',	'1',	1756739480988,	'zset'),
('group:verified-users:members',	'1',	1756739481416,	'zset'),
('groups:createtime',	'administrators',	1756739481713,	'zset'),
('group:administrators:members',	'1',	1756739481822,	'zset'),
('groups:visible:createtime',	'administrators',	1756739481713,	'zset'),
('groups:visible:memberCount',	'administrators',	1,	'zset'),
('groups:visible:name',	'administrators:administrators',	0,	'zset'),
('groups:createtime',	'Global Moderators',	1756739482198,	'zset'),
('groups:visible:createtime',	'Global Moderators',	1756739482198,	'zset'),
('groups:visible:memberCount',	'Global Moderators',	0,	'zset'),
('groups:visible:name',	'global moderators:Global Moderators',	0,	'zset'),
('groups:createtime',	'cid:0:privileges:groups:upload:post:image',	1756739482479,	'zset'),
('groups:createtime',	'cid:0:privileges:groups:search:content',	1756739482684,	'zset'),
('groups:createtime',	'cid:0:privileges:groups:search:tags',	1756739482795,	'zset'),
('groups:createtime',	'cid:0:privileges:groups:view:tags',	1756739482977,	'zset'),
('groups:createtime',	'cid:0:privileges:groups:local:login',	1756739483229,	'zset'),
('group:cid:0:privileges:groups:chat:members',	'registered-users',	1756739483332,	'zset'),
('group:cid:0:privileges:groups:upload:post:image:members',	'registered-users',	1756739483332,	'zset'),
('group:cid:0:privileges:groups:signature:members',	'registered-users',	1756739483332,	'zset'),
('group:cid:0:privileges:groups:search:content:members',	'registered-users',	1756739483332,	'zset'),
('group:cid:0:privileges:groups:search:users:members',	'registered-users',	1756739483332,	'zset'),
('group:cid:0:privileges:groups:search:tags:members',	'registered-users',	1756739483332,	'zset'),
('group:cid:0:privileges:groups:view:users:members',	'registered-users',	1756739483332,	'zset'),
('group:cid:0:privileges:groups:view:tags:members',	'registered-users',	1756739483332,	'zset'),
('group:cid:0:privileges:groups:view:groups:members',	'registered-users',	1756739483332,	'zset'),
('group:cid:0:privileges:groups:local:login:members',	'registered-users',	1756739483332,	'zset'),
('groups:createtime',	'cid:0:privileges:groups:upload:post:file',	1756739483634,	'zset'),
('groups:createtime',	'cid:-1:privileges:groups:find',	1756739484364,	'zset'),
('groups:createtime',	'cid:-1:privileges:groups:topics:read',	1756739484599,	'zset'),
('groups:createtime',	'cid:-1:privileges:groups:topics:reply',	1756739484702,	'zset'),
('groups:createtime',	'cid:-1:privileges:groups:posts:edit',	1756739484804,	'zset'),
('groups:createtime',	'cid:-1:privileges:groups:posts:delete',	1756739484913,	'zset'),
('groups:createtime',	'cid:-1:privileges:groups:posts:downvote',	1756739485159,	'zset'),
('groups:createtime',	'cid:-1:privileges:groups:topics:schedule',	1756739485834,	'zset'),
('groups:createtime',	'cid:-1:privileges:groups:purge',	1756739486028,	'zset'),
('group:cid:-1:privileges:groups:find:members',	'administrators',	1756739486176,	'zset'),
('group:cid:-1:privileges:groups:read:members',	'administrators',	1756739486176,	'zset'),
('group:cid:-1:privileges:groups:topics:read:members',	'administrators',	1756739486176,	'zset'),
('group:cid:-1:privileges:groups:topics:create:members',	'administrators',	1756739486176,	'zset'),
('group:cid:-1:privileges:groups:topics:reply:members',	'administrators',	1756739486176,	'zset'),
('group:cid:-1:privileges:groups:topics:tag:members',	'administrators',	1756739486176,	'zset'),
('group:cid:-1:privileges:groups:posts:edit:members',	'administrators',	1756739486176,	'zset'),
('navigation:enabled',	'0',	0,	'zset'),
('navigation:enabled',	'1',	1,	'zset'),
('group:cid:0:privileges:groups:view:users:members',	'spiders',	1756739484052,	'zset'),
('group:cid:0:privileges:groups:view:tags:members',	'spiders',	1756739484052,	'zset'),
('group:cid:0:privileges:groups:view:groups:members',	'spiders',	1756739484052,	'zset'),
('group:cid:0:privileges:groups:view:users:members',	'fediverse',	1756739484213,	'zset'),
('groups:createtime',	'cid:-1:privileges:groups:read',	1756739484477,	'zset'),
('groups:createtime',	'cid:-1:privileges:groups:topics:create',	1756739484648,	'zset'),
('groups:createtime',	'cid:-1:privileges:groups:topics:tag',	1756739484754,	'zset'),
('groups:createtime',	'cid:-1:privileges:groups:posts:history',	1756739484865,	'zset'),
('groups:createtime',	'cid:-1:privileges:groups:posts:upvote',	1756739485063,	'zset'),
('groups:createtime',	'cid:-1:privileges:groups:topics:delete',	1756739485405,	'zset'),
('group:cid:-1:privileges:groups:find:members',	'registered-users',	1756739485528,	'zset'),
('group:cid:-1:privileges:groups:read:members',	'registered-users',	1756739485528,	'zset'),
('group:cid:-1:privileges:groups:topics:read:members',	'registered-users',	1756739485528,	'zset'),
('group:cid:-1:privileges:groups:topics:create:members',	'registered-users',	1756739485528,	'zset'),
('group:cid:-1:privileges:groups:topics:reply:members',	'registered-users',	1756739485528,	'zset'),
('group:cid:-1:privileges:groups:topics:tag:members',	'registered-users',	1756739485528,	'zset'),
('group:cid:-1:privileges:groups:posts:edit:members',	'registered-users',	1756739485528,	'zset'),
('group:cid:-1:privileges:groups:posts:history:members',	'registered-users',	1756739485528,	'zset'),
('group:cid:-1:privileges:groups:posts:delete:members',	'registered-users',	1756739485528,	'zset'),
('group:cid:-1:privileges:groups:posts:upvote:members',	'registered-users',	1756739485528,	'zset'),
('group:cid:-1:privileges:groups:posts:downvote:members',	'registered-users',	1756739485528,	'zset'),
('group:cid:-1:privileges:groups:topics:delete:members',	'registered-users',	1756739485528,	'zset'),
('group:cid:-1:privileges:groups:topics:read:members',	'fediverse',	1756739485655,	'zset'),
('group:cid:-1:privileges:groups:topics:create:members',	'fediverse',	1756739485655,	'zset'),
('group:cid:-1:privileges:groups:topics:reply:members',	'fediverse',	1756739485655,	'zset'),
('group:cid:-1:privileges:groups:topics:tag:members',	'fediverse',	1756739485655,	'zset'),
('group:cid:-1:privileges:groups:posts:edit:members',	'fediverse',	1756739485655,	'zset'),
('group:cid:-1:privileges:groups:posts:history:members',	'fediverse',	1756739485655,	'zset'),
('group:cid:-1:privileges:groups:posts:delete:members',	'fediverse',	1756739485655,	'zset'),
('group:cid:-1:privileges:groups:posts:upvote:members',	'fediverse',	1756739485655,	'zset'),
('group:cid:-1:privileges:groups:posts:downvote:members',	'fediverse',	1756739485655,	'zset'),
('group:cid:-1:privileges:groups:topics:delete:members',	'fediverse',	1756739485655,	'zset'),
('groups:createtime',	'cid:-1:privileges:groups:posts:view_deleted',	1756739485899,	'zset'),
('cid:2:recent_tids',	'1',	1756739487180,	'zset'),
('group:cid:-1:privileges:groups:posts:history:members',	'administrators',	1756739486176,	'zset'),
('group:cid:-1:privileges:groups:posts:delete:members',	'administrators',	1756739486176,	'zset'),
('group:cid:-1:privileges:groups:posts:upvote:members',	'administrators',	1756739486176,	'zset'),
('group:cid:-1:privileges:groups:posts:downvote:members',	'administrators',	1756739486176,	'zset'),
('group:cid:-1:privileges:groups:topics:delete:members',	'administrators',	1756739486176,	'zset'),
('group:cid:-1:privileges:groups:topics:schedule:members',	'administrators',	1756739486176,	'zset'),
('group:cid:-1:privileges:groups:posts:view_deleted:members',	'administrators',	1756739486176,	'zset'),
('group:cid:-1:privileges:groups:purge:members',	'administrators',	1756739486176,	'zset'),
('group:cid:-1:privileges:groups:find:members',	'Global Moderators',	1756739486314,	'zset'),
('group:cid:-1:privileges:groups:read:members',	'Global Moderators',	1756739486314,	'zset'),
('group:cid:-1:privileges:groups:topics:read:members',	'Global Moderators',	1756739486314,	'zset'),
('group:cid:-1:privileges:groups:topics:create:members',	'Global Moderators',	1756739486314,	'zset'),
('group:cid:-1:privileges:groups:topics:reply:members',	'Global Moderators',	1756739486314,	'zset'),
('group:cid:-1:privileges:groups:topics:tag:members',	'Global Moderators',	1756739486314,	'zset'),
('group:cid:-1:privileges:groups:posts:edit:members',	'Global Moderators',	1756739486314,	'zset'),
('group:cid:-1:privileges:groups:posts:history:members',	'Global Moderators',	1756739486314,	'zset'),
('group:cid:-1:privileges:groups:posts:delete:members',	'Global Moderators',	1756739486314,	'zset'),
('group:cid:-1:privileges:groups:posts:upvote:members',	'Global Moderators',	1756739486314,	'zset'),
('group:cid:-1:privileges:groups:posts:downvote:members',	'Global Moderators',	1756739486314,	'zset'),
('group:cid:-1:privileges:groups:topics:delete:members',	'Global Moderators',	1756739486314,	'zset'),
('group:cid:-1:privileges:groups:topics:schedule:members',	'Global Moderators',	1756739486314,	'zset'),
('group:cid:-1:privileges:groups:posts:view_deleted:members',	'Global Moderators',	1756739486314,	'zset'),
('group:cid:-1:privileges:groups:purge:members',	'Global Moderators',	1756739486314,	'zset'),
('group:cid:-1:privileges:groups:find:members',	'guests',	1756739486420,	'zset'),
('group:cid:-1:privileges:groups:read:members',	'guests',	1756739486420,	'zset'),
('group:cid:-1:privileges:groups:topics:read:members',	'guests',	1756739486420,	'zset'),
('group:cid:-1:privileges:groups:find:members',	'spiders',	1756739486461,	'zset'),
('group:cid:-1:privileges:groups:read:members',	'spiders',	1756739486461,	'zset'),
('group:cid:-1:privileges:groups:topics:read:members',	'spiders',	1756739486461,	'zset'),
('group:administrators:member:pids',	'1',	1756739486842,	'zset'),
('navigation:enabled',	'3',	3,	'zset'),
('navigation:enabled',	'4',	4,	'zset'),
('navigation:enabled',	'5',	5,	'zset'),
('navigation:enabled',	'6',	6,	'zset'),
('navigation:enabled',	'7',	7,	'zset'),
('navigation:enabled',	'8',	8,	'zset'),
('topics:tid',	'1',	1756739486649,	'zset'),
('cid:2:tids:create',	'1',	1756739486649,	'zset'),
('cid:2:uid:1:tids',	'1',	1756739486649,	'zset'),
('posts:pid',	'1',	1756739486842,	'zset'),
('uid:1:posts',	'1',	1756739486842,	'zset'),
('cid:2:uid:1:pids',	'1',	1756739486842,	'zset'),
('cid:2:pids',	'1',	1756739486842,	'zset'),
('users:postcount',	'1',	1,	'zset'),
('cid:2:tids',	'1',	1756739486842,	'zset'),
('tid:1:posters',	'1',	1,	'zset'),
('uid:1:tids_read',	'1',	1756739487654,	'zset'),
('uid:1:followed_tids',	'1',	1756739487862,	'zset'),
('plugins:active',	'nodebb-plugin-composer-default',	0,	'zset'),
('plugins:active',	'nodebb-plugin-markdown',	1,	'zset'),
('plugins:active',	'nodebb-plugin-mentions',	2,	'zset'),
('plugins:active',	'nodebb-plugin-web-push',	3,	'zset'),
('plugins:active',	'nodebb-widget-essentials',	4,	'zset'),
('plugins:active',	'nodebb-rewards-essentials',	5,	'zset'),
('plugins:active',	'nodebb-plugin-emoji',	6,	'zset'),
('plugins:active',	'nodebb-plugin-emoji-android',	7,	'zset'),
('schemaLog',	'chat_upgrade',	1756739488220,	'zset'),
('schemaLog',	'chat_room_hashes',	1756739488255,	'zset'),
('schemaLog',	'theme_to_active_plugins',	1756739488322,	'zset'),
('schemaLog',	'user_best_posts',	1756739488351,	'zset'),
('schemaLog',	'users_notvalidated',	1756739488425,	'zset'),
('schemaLog',	'global_moderators',	1756739488470,	'zset'),
('schemaLog',	'social_post_sharing',	1756739488513,	'zset'),
('schemaLog',	'group_title_update',	1756739488587,	'zset'),
('schemaLog',	'user_post_count_per_tid',	1756739488639,	'zset'),
('schemaLog',	'dismiss_flags_from_deleted_topics',	1756739488700,	'zset'),
('schemaLog',	'assign_topic_read_privilege',	1756739488761,	'zset'),
('schemaLog',	'separate_upvote_downvote',	1756739488812,	'zset'),
('schemaLog',	'upload_privileges',	1756739488858,	'zset'),
('schemaLog',	'remove_negative_best_posts',	1756739488955,	'zset'),
('schemaLog',	'edit_delete_deletetopic_privileges',	1756739489017,	'zset'),
('schemaLog',	'category_recent_tids',	1756739489077,	'zset'),
('schemaLog',	'favourites_to_bookmarks',	1756739489160,	'zset'),
('schemaLog',	'sorted_sets_for_post_replies',	1756739489195,	'zset'),
('schemaLog',	'global_and_user_language_keys',	1756739489220,	'zset'),
('schemaLog',	'sorted_set_for_pinned_topics',	1756739489272,	'zset'),
('schemaLog',	'sound_settings',	1756739489307,	'zset'),
('schemaLog',	'config_urls_update',	1756739489374,	'zset'),
('schemaLog',	'delete_sessions',	1756739489399,	'zset'),
('schemaLog',	'flags_refactor',	1756739489415,	'zset'),
('schemaLog',	'post_votes_zset',	1756739489456,	'zset'),
('schemaLog',	'moderation_history_refactor',	1756739489485,	'zset'),
('schemaLog',	'allowed_file_extensions',	1756739489558,	'zset'),
('schemaLog',	'remove_relative_uploaded_profile_cover',	1756739489580,	'zset'),
('schemaLog',	'rename_mods_group',	1756739489610,	'zset'),
('schemaLog',	'tags_privilege',	1756739489634,	'zset'),
('schemaLog',	'rss_token_wipe',	1756739489673,	'zset'),
('schemaLog',	'robots-config-change',	1756739489706,	'zset'),
('schemaLog',	'generate-email-logo',	1756739489741,	'zset'),
('schemaLog',	'clear-stale-digest-template',	1756739489767,	'zset'),
('schemaLog',	'ipblacklist-fix',	1756739489796,	'zset'),
('schemaLog',	'topics_lastposttime_zset',	1756739489829,	'zset'),
('schemaLog',	'generate-custom-html',	1756739489852,	'zset'),
('schemaLog',	'notification-settings',	1756739489881,	'zset'),
('schemaLog',	'topic_votes',	1756739489897,	'zset'),
('schemaLog',	'key_value_schema_change',	1756739489946,	'zset'),
('schemaLog',	'chat_privilege',	1756739489997,	'zset'),
('schemaLog',	'global_upload_privilege',	1756739490022,	'zset'),
('schemaLog',	'fix_moved_topics_byvotes',	1756739490042,	'zset'),
('schemaLog',	'vote_privilege',	1756739490061,	'zset'),
('schemaLog',	'rename_min_reputation_settings',	1756739490081,	'zset'),
('schemaLog',	'fix_user_topics_per_category',	1756739490102,	'zset'),
('schemaLog',	'notification_types',	1756739490119,	'zset'),
('schemaLog',	'flatten_navigation_data',	1756739490149,	'zset'),
('schemaLog',	'update_min_pass_strength',	1756739490170,	'zset'),
('schemaLog',	'give_spiders_privileges',	1756739490190,	'zset'),
('schemaLog',	'give_signature_privileges',	1756739490211,	'zset'),
('schemaLog',	'diffs_zset_to_listhash',	1756739490261,	'zset'),
('schemaLog',	'refresh_post_upload_associations',	1756739490288,	'zset'),
('schemaLog',	'search_privileges',	1756739490336,	'zset'),
('schemaLog',	'post_history_privilege',	1756739490385,	'zset'),
('schemaLog',	'view_deleted_privilege',	1756739490421,	'zset'),
('schemaLog',	'hash_recent_ip_addresses',	1756739490461,	'zset'),
('schemaLog',	'username_email_history',	1756739490486,	'zset'),
('schemaLog',	'upgrade_bans_to_hashes',	1756739490527,	'zset'),
('schemaLog',	'local_login_privileges',	1756739490553,	'zset'),
('schemaLog',	'postgres_sessions',	1756739490588,	'zset'),
('schemaLog',	'event_filters',	1756739490614,	'zset'),
('schemaLog',	'fix_category_post_zsets',	1756739490640,	'zset'),
('schemaLog',	'fix_category_topic_zsets',	1756739490693,	'zset'),
('schemaLog',	'resize_image_width',	1756739490767,	'zset'),
('schemaLog',	'navigation_visibility_groups',	1756739490824,	'zset'),
('schemaLog',	'widget_visibility_groups',	1756739490859,	'zset'),
('schemaLog',	'remove_ignored_cids_per_user',	1756739490932,	'zset'),
('schemaLog',	'category_watch_state',	1756739490977,	'zset'),
('schemaLog',	'group_create_privilege',	1756739491039,	'zset'),
('schemaLog',	'global_view_privileges',	1756739491090,	'zset'),
('schemaLog',	'post_upload_sizes',	1756739491147,	'zset'),
('schemaLog',	'clear_username_email_history',	1756739491187,	'zset'),
('schemaLog',	'moderation_notes_refactor',	1756739491243,	'zset'),
('schemaLog',	'disable_plugin_metrics',	1756739491279,	'zset'),
('schemaLog',	'give_mod_privileges',	1756739491304,	'zset'),
('schemaLog',	'update_registration_type',	1756739491340,	'zset'),
('schemaLog',	'user_pid_sets',	1756739491366,	'zset'),
('schemaLog',	'give_mod_info_privilege',	1756739491418,	'zset'),
('schemaLog',	'clean_flag_byCid',	1756739491438,	'zset'),
('schemaLog',	'clean_post_topic_hash',	1756739491458,	'zset'),
('schemaLog',	'cleanup_old_notifications',	1756739491477,	'zset'),
('schemaLog',	'fix_users_sorted_sets',	1756739491497,	'zset'),
('schemaLog',	'remove_allowFileUploads_priv',	1756739491524,	'zset'),
('schemaLog',	'fix_category_image_field',	1756739491541,	'zset'),
('schemaLog',	'unescape_navigation_titles',	1756739491559,	'zset'),
('schemaLog',	'readd_deleted_recent_topics',	1756739491578,	'zset'),
('schemaLog',	'track_flags_by_target',	1756739491595,	'zset'),
('schemaLog',	'consolidate_flags',	1756739491613,	'zset'),
('schemaLog',	'remove_flag_reporters_zset',	1756739491631,	'zset'),
('schemaLog',	'add_target_uid_to_flags',	1756739491648,	'zset'),
('schemaLog',	'disable_sounds_plugin',	1756739491664,	'zset'),
('schemaLog',	'remove_allow_from_uri',	1756739491681,	'zset'),
('schemaLog',	'fullname_search_set',	1756739491699,	'zset'),
('schemaLog',	'fix_category_colors',	1756739491716,	'zset'),
('schemaLog',	'verified_users_group',	1756739491730,	'zset'),
('schemaLog',	'topic_poster_count',	1756739491746,	'zset'),
('schemaLog',	'clear_purged_replies',	1756739491764,	'zset'),
('schemaLog',	'category_tags',	1756739491781,	'zset'),
('schemaLog',	'migrate_thumbs',	1756739491798,	'zset'),
('schemaLog',	'banned_users_group',	1756739491818,	'zset'),
('schemaLog',	'category_name_zset',	1756739491837,	'zset'),
('schemaLog',	'subcategories_per_page',	1756739491859,	'zset'),
('schemaLog',	'topic_thumb_count',	1756739491904,	'zset'),
('schemaLog',	'default_favicon',	1756739491961,	'zset'),
('schemaLog',	'schedule_privilege_for_existing_categories',	1756739492048,	'zset'),
('schemaLog',	'enable_include_unverified_emails',	1756739492282,	'zset'),
('schemaLog',	'topic_tags_refactor',	1756739492324,	'zset'),
('schemaLog',	'category_topics_views',	1756739492370,	'zset'),
('schemaLog',	'reenable-username-login',	1756739492389,	'zset'),
('schemaLog',	'navigation-enabled-hashes',	1756739492487,	'zset'),
('schemaLog',	'store_downvoted_posts_in_zset',	1756739492620,	'zset'),
('schemaLog',	'remove_leftover_thumbs_after_topic_purge',	1756739492717,	'zset'),
('schemaLog',	'fix_user_uploads_zset',	1756739492783,	'zset'),
('schemaLog',	'rename_post_upload_hashes',	1756739492880,	'zset'),
('schemaLog',	'fix-email-sorted-sets',	1756739492955,	'zset'),
('schemaLog',	'reset_bootswatch_skin',	1756739493081,	'zset'),
('schemaLog',	'reset_user_bootswatch_skin',	1756739493103,	'zset'),
('schemaLog',	'migrate_api_tokens',	1756739493121,	'zset'),
('schemaLog',	'migrate_post_sharing',	1756739493140,	'zset'),
('schemaLog',	'fix_username_zsets',	1756739493258,	'zset'),
('schemaLog',	'chat_room_refactor',	1756739493364,	'zset'),
('schemaLog',	'save_rooms_zset',	1756739493388,	'zset'),
('schemaLog',	'chat_room_online_zset',	1756739493406,	'zset'),
('schemaLog',	'chat_room_owners',	1756739493519,	'zset'),
('schemaLog',	'chat_message_mids',	1756739493541,	'zset'),
('schemaLog',	'notification_translations',	1756739493560,	'zset'),
('schemaLog',	'chat_message_counts',	1756739493579,	'zset'),
('schemaLog',	'category_tracking',	1756739493596,	'zset'),
('schemaLog',	'rename_newbie_config',	1756739493614,	'zset'),
('schemaLog',	'rewards_zsets',	1756739493635,	'zset'),
('schemaLog',	'category-read-by-uid',	1756739493653,	'zset'),
('schemaLog',	'category-tid-created-zset',	1756739493670,	'zset'),
('schemaLog',	'change-category-sort-settings',	1756739493691,	'zset'),
('schemaLog',	'user-upload-folders',	1756739493710,	'zset'),
('schemaLog',	'events-uid-filter',	1756739493732,	'zset'),
('schemaLog',	'remove-privilege-slugs',	1756739493752,	'zset'),
('schemaLog',	'vote-visibility-config',	1756739493774,	'zset'),
('schemaLog',	'topic-event-ids',	1756739493793,	'zset'),
('schemaLog',	'remove-session-uuid',	1756739493814,	'zset'),
('schemaLog',	'downvote-visibility-config',	1756739493835,	'zset'),
('schemaLog',	'default-custom-profile-fields',	1756739493855,	'zset'),
('schemaLog',	'resize-image-keep-original',	1756739493876,	'zset'),
('schemaLog',	'activitypub_setup',	1756739493893,	'zset'),
('schemaLog',	'regenerate_slugs_for_users_with_periods',	1756739493910,	'zset'),
('schemaLog',	'normalize_thumbs_uploads',	1756739493955,	'zset'),
('schemaLog',	'topic_follower_counts',	1756739493980,	'zset'),
('schemaLog',	'chat_allow_list',	1756739494000,	'zset'),
('schemaLog',	'fix_duplicate_handles',	1756739494033,	'zset'),
('schemaLog',	'reset_md_hljs_theme',	1756739494092,	'zset'),
('schemaLog',	'use_unminified_hljs_theme',	1756739494153,	'zset'),
('schemaLog',	'mentions_delete_mentions_set_zset',	1756739494176,	'zset'),
('ip:recent',	'172.19.0.1',	1756739512428,	'zset'),
('analytics:uniquevisitors',	'1756738800000',	1,	'zset'),
('analytics:pageviews',	'1756738800000',	7,	'zset'),
('analytics:pageviews:month',	'1756684800000',	7,	'zset'),
('analytics:pageviews:guest',	'1756738800000',	7,	'zset'),
('analytics:pageviews:month:guest',	'1756684800000',	7,	'zset'),
('uid:1:ip',	'172.19.0.1',	1756739536235,	'zset'),
('ip:172.19.0.1:uid',	'1',	1756739536235,	'zset'),
('uid:1:sessions',	'K8LTPivIHLXfURSfgAyIZQKAEAlyGjda',	1756739536258,	'zset'),
('analytics:logins',	'1756738800000',	1,	'zset'),
('analyticsKeys',	'logins',	1756739542004,	'zset'),
('analyticsKeys',	'pageviews',	1756739942009,	'zset'),
('analyticsKeys',	'pageviews:month',	1756739942009,	'zset'),
('analyticsKeys',	'pageviews:registered',	1756739942009,	'zset'),
('analyticsKeys',	'pageviews:guest',	1756739942009,	'zset'),
('analyticsKeys',	'pageviews:bot',	1756739942009,	'zset'),
('analyticsKeys',	'pageviews:month:registered',	1756739942009,	'zset'),
('analyticsKeys',	'pageviews:month:guest',	1756739942009,	'zset'),
('analyticsKeys',	'pageviews:month:bot',	1756739942009,	'zset'),
('analyticsKeys',	'uniquevisitors',	1756739942009,	'zset');

DROP TABLE IF EXISTS "session";
CREATE TABLE "public"."session" (
    "sid" character(32) NOT NULL,
    "sess" jsonb NOT NULL,
    "expire" timestamptz NOT NULL,
    CONSTRAINT "session_pkey" PRIMARY KEY ("sid")
)
WITH (oids = false);

CREATE INDEX session_expire_idx ON public.session USING btree (expire);

INSERT INTO "session" ("sid", "sess", "expire") VALUES
('4nqAzSVqvlj6gIAFwpcSw_cRms74q5Hr',	'{"cookie": {"path": "/", "expires": "2025-09-15T15:11:52.382Z", "httpOnly": true, "sameSite": "Lax", "originalMaxAge": 1209600000}, "returnTo": "/admin"}',	'2025-09-15 15:11:53+00'),
('K8LTPivIHLXfURSfgAyIZQKAEAlyGjda',	'{"meta": {"ip": "172.19.0.1", "uuid": "1b207db3-9bc8-41b7-9a18-325e9e3d8844", "browser": "Firefox", "version": "142.0", "datetime": 1756739536254, "platform": "Linux"}, "flash": {}, "cookie": {"path": "/", "expires": "2025-09-15T15:12:16.271Z", "httpOnly": true, "sameSite": "Lax", "originalMaxAge": 1209600000}, "passport": {"user": 1}, "csrfToken": "8ce36e6e3d20e19f40b03fd10bffd11e7195d5681dc15744b65ca38ae9472e341316f5f11a1644650a1c422fe97362672193b3a3a72e4367c3602240ae8d87a3"}',	'2025-09-15 15:12:18+00');

ALTER TABLE ONLY "public"."legacy_hash" ADD CONSTRAINT "fk__legacy_hash__key" FOREIGN KEY (_key, type) REFERENCES legacy_object(_key, type) ON UPDATE CASCADE ON DELETE CASCADE NOT DEFERRABLE;

ALTER TABLE ONLY "public"."legacy_list" ADD CONSTRAINT "fk__legacy_list__key" FOREIGN KEY (_key, type) REFERENCES legacy_object(_key, type) ON UPDATE CASCADE ON DELETE CASCADE NOT DEFERRABLE;

ALTER TABLE ONLY "public"."legacy_set" ADD CONSTRAINT "fk__legacy_set__key" FOREIGN KEY (_key, type) REFERENCES legacy_object(_key, type) ON UPDATE CASCADE ON DELETE CASCADE NOT DEFERRABLE;

ALTER TABLE ONLY "public"."legacy_string" ADD CONSTRAINT "fk__legacy_string__key" FOREIGN KEY (_key, type) REFERENCES legacy_object(_key, type) ON UPDATE CASCADE ON DELETE CASCADE NOT DEFERRABLE;

ALTER TABLE ONLY "public"."legacy_zset" ADD CONSTRAINT "fk__legacy_zset__key" FOREIGN KEY (_key, type) REFERENCES legacy_object(_key, type) ON UPDATE CASCADE ON DELETE CASCADE NOT DEFERRABLE;

DROP TABLE IF EXISTS "legacy_object_live";
CREATE VIEW "legacy_object_live" AS SELECT _key,
    type
   FROM legacy_object
  WHERE (("expireAt" IS NULL) OR ("expireAt" > CURRENT_TIMESTAMP));

-- 2025-09-01 15:19:02 UTC
